raw_text,ner_tags_json
Khu phố 13 gần Nguyen Hue,"{'tokens': ['Khu', 'phố', '13', 'gần', 'Nguyen', 'Hue'], 'tags': ['B-NBH', 'I-NBH', 'I-NBH', 'O', 'B-STR', 'I-STR']}"
Landmark 81 Số 97 Hẻm 39 Nguyen Hue,"{'tokens': ['Landmark', '81', 'Số', '97', 'Hẻm', '39', 'Nguyen', 'Hue'], 'tags': ['B-BLD', 'I-BLD', 'B-NUM', 'I-NUM', 'B-ALY', 'I-ALY', 'B-STR', 'I-STR']}"
Đối diện Ben xe Mien Tay đường Nguyen Hue,"{'tokens': ['Đối', 'diện', 'Ben', 'xe', 'Mien', 'Tay', 'đường', 'Nguyen', 'Hue'], 'tags': ['O', 'O', 'B-POI', 'I-POI', 'I-POI', 'I-POI', 'O', 'B-STR', 'I-STR']}"
Nằm gần Ben xe Mien Tay đường Mai Chi Tho,"{'tokens': ['Nằm', 'gần', 'Ben', 'xe', 'Mien', 'Tay', 'đường', 'Mai', 'Chi', 'Tho'], 'tags': ['O', 'O', 'B-POI', 'I-POI', 'I-POI', 'I-POI', 'O', 'B-STR', 'I-STR', 'I-STR']}"
Gần Cho Ben Thanh đường Mai Chi Tho,"{'tokens': ['Gần', 'Cho', 'Ben', 'Thanh', 'đường', 'Mai', 'Chi', 'Tho'], 'tags': ['O', 'B-POI', 'I-POI', 'I-POI', 'O', 'B-STR', 'I-STR', 'I-STR']}"
356/31 Nguyen Hue,"{'tokens': ['356/31', 'Nguyen', 'Hue'], 'tags': ['B-NUM', 'B-STR', 'I-STR']}"
282/48 Mai Chi Tho,"{'tokens': ['282/48', 'Mai', 'Chi', 'Tho'], 'tags': ['B-NUM', 'B-STR', 'I-STR', 'I-STR']}"
Tổ 9 gần Le Loi,"{'tokens': ['Tổ', '9', 'gần', 'Le', 'Loi'], 'tags': ['B-NBH', 'I-NBH', 'O', 'B-STR', 'I-STR']}"
Gần Ben xe Mien Tay đường Nguyen Hue,"{'tokens': ['Gần', 'Ben', 'xe', 'Mien', 'Tay', 'đường', 'Nguyen', 'Hue'], 'tags': ['O', 'B-POI', 'I-POI', 'I-POI', 'I-POI', 'O', 'B-STR', 'I-STR']}"
Gần Cho Ben Thanh đường Nguyen Hue,"{'tokens': ['Gần', 'Cho', 'Ben', 'Thanh', 'đường', 'Nguyen', 'Hue'], 'tags': ['O', 'B-POI', 'I-POI', 'I-POI', 'O', 'B-STR', 'I-STR']}"
Tổ 2 gần Mai Chi Tho,"{'tokens': ['Tổ', '2', 'gần', 'Mai', 'Chi', 'Tho'], 'tags': ['B-NBH', 'I-NBH', 'O', 'B-STR', 'I-STR', 'I-STR']}"
377/9 Le Loi,"{'tokens': ['377/9', 'Le', 'Loi'], 'tags': ['B-NUM', 'B-STR', 'I-STR']}"
Thôn 17 gần Nguyen Hue,"{'tokens': ['Thôn', '17', 'gần', 'Nguyen', 'Hue'], 'tags': ['B-NBH', 'I-NBH', 'O', 'B-STR', 'I-STR']}"
Cạnh Cho Ben Thanh đường Le Loi,"{'tokens': ['Cạnh', 'Cho', 'Ben', 'Thanh', 'đường', 'Le', 'Loi'], 'tags': ['O', 'B-POI', 'I-POI', 'I-POI', 'O', 'B-STR', 'I-STR']}"
154/2 Le Loi,"{'tokens': ['154/2', 'Le', 'Loi'], 'tags': ['B-NUM', 'B-STR', 'I-STR']}"
Cạnh Cho Ben Thanh đường Mai Chi Tho,"{'tokens': ['Cạnh', 'Cho', 'Ben', 'Thanh', 'đường', 'Mai', 'Chi', 'Tho'], 'tags': ['O', 'B-POI', 'I-POI', 'I-POI', 'O', 'B-STR', 'I-STR', 'I-STR']}"
Landmark 81 Số 149 Ngõ 6 Le Loi,"{'tokens': ['Landmark', '81', 'Số', '149', 'Ngõ', '6', 'Le', 'Loi'], 'tags': ['B-BLD', 'I-BLD', 'B-NUM', 'I-NUM', 'B-ALY', 'I-ALY', 'B-STR', 'I-STR']}"
323/15 Le Loi,"{'tokens': ['323/15', 'Le', 'Loi'], 'tags': ['B-NUM', 'B-STR', 'I-STR']}"
Xóm 7 gần Mai Chi Tho,"{'tokens': ['Xóm', '7', 'gần', 'Mai', 'Chi', 'Tho'], 'tags': ['B-NBH', 'I-NBH', 'O', 'B-STR', 'I-STR', 'I-STR']}"
Cạnh Cho Ben Thanh đường Le Loi,"{'tokens': ['Cạnh', 'Cho', 'Ben', 'Thanh', 'đường', 'Le', 'Loi'], 'tags': ['O', 'B-POI', 'I-POI', 'I-POI', 'O', 'B-STR', 'I-STR']}"
Cạnh Ben xe Mien Tay đường Mai Chi Tho,"{'tokens': ['Cạnh', 'Ben', 'xe', 'Mien', 'Tay', 'đường', 'Mai', 'Chi', 'Tho'], 'tags': ['O', 'B-POI', 'I-POI', 'I-POI', 'I-POI', 'O', 'B-STR', 'I-STR', 'I-STR']}"
Tổ 13 gần Nguyen Hue,"{'tokens': ['Tổ', '13', 'gần', 'Nguyen', 'Hue'], 'tags': ['B-NBH', 'I-NBH', 'O', 'B-STR', 'I-STR']}"
Khu phố 11 gần Le Loi,"{'tokens': ['Khu', 'phố', '11', 'gần', 'Le', 'Loi'], 'tags': ['B-NBH', 'I-NBH', 'I-NBH', 'O', 'B-STR', 'I-STR']}"
Bitexco Số 9 Kiệt 26 Nguyen Hue,"{'tokens': ['Bitexco', 'Số', '9', 'Kiệt', '26', 'Nguyen', 'Hue'], 'tags': ['B-BLD', 'B-NUM', 'I-NUM', 'B-ALY', 'I-ALY', 'B-STR', 'I-STR']}"
Bitexco Số 68 Hẻm 57 Le Loi,"{'tokens': ['Bitexco', 'Số', '68', 'Hẻm', '57', 'Le', 'Loi'], 'tags': ['B-BLD', 'B-NUM', 'I-NUM', 'B-ALY', 'I-ALY', 'B-STR', 'I-STR']}"
Nằm gần Cho Ben Thanh đường Nguyen Hue,"{'tokens': ['Nằm', 'gần', 'Cho', 'Ben', 'Thanh', 'đường', 'Nguyen', 'Hue'], 'tags': ['O', 'O', 'B-POI', 'I-POI', 'I-POI', 'O', 'B-STR', 'I-STR']}"
Bitexco Số 108 Kiệt 60 Mai Chi Tho,"{'tokens': ['Bitexco', 'Số', '108', 'Kiệt', '60', 'Mai', 'Chi', 'Tho'], 'tags': ['B-BLD', 'B-NUM', 'I-NUM', 'B-ALY', 'I-ALY', 'B-STR', 'I-STR', 'I-STR']}"
Kế bên Cho Ben Thanh đường Le Loi,"{'tokens': ['Kế', 'bên', 'Cho', 'Ben', 'Thanh', 'đường', 'Le', 'Loi'], 'tags': ['O', 'O', 'B-POI', 'I-POI', 'I-POI', 'O', 'B-STR', 'I-STR']}"
Landmark 81 Số 172 Kiệt 89 Nguyen Hue,"{'tokens': ['Landmark', '81', 'Số', '172', 'Kiệt', '89', 'Nguyen', 'Hue'], 'tags': ['B-BLD', 'I-BLD', 'B-NUM', 'I-NUM', 'B-ALY', 'I-ALY', 'B-STR', 'I-STR']}"
Landmark 81 Số 20 Hẻm 92 Le Loi,"{'tokens': ['Landmark', '81', 'Số', '20', 'Hẻm', '92', 'Le', 'Loi'], 'tags': ['B-BLD', 'I-BLD', 'B-NUM', 'I-NUM', 'B-ALY', 'I-ALY', 'B-STR', 'I-STR']}"
Ấp 3 gần Mai Chi Tho,"{'tokens': ['Ấp', '3', 'gần', 'Mai', 'Chi', 'Tho'], 'tags': ['B-NBH', 'I-NBH', 'O', 'B-STR', 'I-STR', 'I-STR']}"
Ấp 16 gần Mai Chi Tho,"{'tokens': ['Ấp', '16', 'gần', 'Mai', 'Chi', 'Tho'], 'tags': ['B-NBH', 'I-NBH', 'O', 'B-STR', 'I-STR', 'I-STR']}"
Khu phố 12 gần Le Loi,"{'tokens': ['Khu', 'phố', '12', 'gần', 'Le', 'Loi'], 'tags': ['B-NBH', 'I-NBH', 'I-NBH', 'O', 'B-STR', 'I-STR']}"
Xóm 17 gần Le Loi,"{'tokens': ['Xóm', '17', 'gần', 'Le', 'Loi'], 'tags': ['B-NBH', 'I-NBH', 'O', 'B-STR', 'I-STR']}"
450/42 Nguyen Hue,"{'tokens': ['450/42', 'Nguyen', 'Hue'], 'tags': ['B-NUM', 'B-STR', 'I-STR']}"
474/1 Nguyen Hue,"{'tokens': ['474/1', 'Nguyen', 'Hue'], 'tags': ['B-NUM', 'B-STR', 'I-STR']}"
Thôn 19 gần Mai Chi Tho,"{'tokens': ['Thôn', '19', 'gần', 'Mai', 'Chi', 'Tho'], 'tags': ['B-NBH', 'I-NBH', 'O', 'B-STR', 'I-STR', 'I-STR']}"
79/2 Nguyen Hue,"{'tokens': ['79/2', 'Nguyen', 'Hue'], 'tags': ['B-NUM', 'B-STR', 'I-STR']}"
106/31 Nguyen Hue,"{'tokens': ['106/31', 'Nguyen', 'Hue'], 'tags': ['B-NUM', 'B-STR', 'I-STR']}"
Kế bên Cho Ben Thanh đường Mai Chi Tho,"{'tokens': ['Kế', 'bên', 'Cho', 'Ben', 'Thanh', 'đường', 'Mai', 'Chi', 'Tho'], 'tags': ['O', 'O', 'B-POI', 'I-POI', 'I-POI', 'O', 'B-STR', 'I-STR', 'I-STR']}"
Đối diện Ben xe Mien Tay đường Le Loi,"{'tokens': ['Đối', 'diện', 'Ben', 'xe', 'Mien', 'Tay', 'đường', 'Le', 'Loi'], 'tags': ['O', 'O', 'B-POI', 'I-POI', 'I-POI', 'I-POI', 'O', 'B-STR', 'I-STR']}"
Landmark 81 Số 66 Kiệt 9 Le Loi,"{'tokens': ['Landmark', '81', 'Số', '66', 'Kiệt', '9', 'Le', 'Loi'], 'tags': ['B-BLD', 'I-BLD', 'B-NUM', 'I-NUM', 'B-ALY', 'I-ALY', 'B-STR', 'I-STR']}"
40/25 Mai Chi Tho,"{'tokens': ['40/25', 'Mai', 'Chi', 'Tho'], 'tags': ['B-NUM', 'B-STR', 'I-STR', 'I-STR']}"
Landmark 81 Số 180 Kiệt 71 Le Loi,"{'tokens': ['Landmark', '81', 'Số', '180', 'Kiệt', '71', 'Le', 'Loi'], 'tags': ['B-BLD', 'I-BLD', 'B-NUM', 'I-NUM', 'B-ALY', 'I-ALY', 'B-STR', 'I-STR']}"
Bitexco Số 193 Hẻm 64 Nguyen Hue,"{'tokens': ['Bitexco', 'Số', '193', 'Hẻm', '64', 'Nguyen', 'Hue'], 'tags': ['B-BLD', 'B-NUM', 'I-NUM', 'B-ALY', 'I-ALY', 'B-STR', 'I-STR']}"
Landmark 81 Số 177 Ngõ 97 Mai Chi Tho,"{'tokens': ['Landmark', '81', 'Số', '177', 'Ngõ', '97', 'Mai', 'Chi', 'Tho'], 'tags': ['B-BLD', 'I-BLD', 'B-NUM', 'I-NUM', 'B-ALY', 'I-ALY', 'B-STR', 'I-STR', 'I-STR']}"
Bitexco Số 126 Hẻm 85 Mai Chi Tho,"{'tokens': ['Bitexco', 'Số', '126', 'Hẻm', '85', 'Mai', 'Chi', 'Tho'], 'tags': ['B-BLD', 'B-NUM', 'I-NUM', 'B-ALY', 'I-ALY', 'B-STR', 'I-STR', 'I-STR']}"
Tổ 16 gần Mai Chi Tho,"{'tokens': ['Tổ', '16', 'gần', 'Mai', 'Chi', 'Tho'], 'tags': ['B-NBH', 'I-NBH', 'O', 'B-STR', 'I-STR', 'I-STR']}"
Ấp 8 gần Nguyen Hue,"{'tokens': ['Ấp', '8', 'gần', 'Nguyen', 'Hue'], 'tags': ['B-NBH', 'I-NBH', 'O', 'B-STR', 'I-STR']}"
Đối diện Ben xe Mien Tay đường Nguyen Hue,"{'tokens': ['Đối', 'diện', 'Ben', 'xe', 'Mien', 'Tay', 'đường', 'Nguyen', 'Hue'], 'tags': ['O', 'O', 'B-POI', 'I-POI', 'I-POI', 'I-POI', 'O', 'B-STR', 'I-STR']}"
Thôn 1 gần Mai Chi Tho,"{'tokens': ['Thôn', '1', 'gần', 'Mai', 'Chi', 'Tho'], 'tags': ['B-NBH', 'I-NBH', 'O', 'B-STR', 'I-STR', 'I-STR']}"
Ấp 9 gần Mai Chi Tho,"{'tokens': ['Ấp', '9', 'gần', 'Mai', 'Chi', 'Tho'], 'tags': ['B-NBH', 'I-NBH', 'O', 'B-STR', 'I-STR', 'I-STR']}"
381/16 Le Loi,"{'tokens': ['381/16', 'Le', 'Loi'], 'tags': ['B-NUM', 'B-STR', 'I-STR']}"
Landmark 81 Số 62 Hẻm 78 Le Loi,"{'tokens': ['Landmark', '81', 'Số', '62', 'Hẻm', '78', 'Le', 'Loi'], 'tags': ['B-BLD', 'I-BLD', 'B-NUM', 'I-NUM', 'B-ALY', 'I-ALY', 'B-STR', 'I-STR']}"
Tổ 6 gần Mai Chi Tho,"{'tokens': ['Tổ', '6', 'gần', 'Mai', 'Chi', 'Tho'], 'tags': ['B-NBH', 'I-NBH', 'O', 'B-STR', 'I-STR', 'I-STR']}"
Thôn 3 gần Mai Chi Tho,"{'tokens': ['Thôn', '3', 'gần', 'Mai', 'Chi', 'Tho'], 'tags': ['B-NBH', 'I-NBH', 'O', 'B-STR', 'I-STR', 'I-STR']}"
Phía sau Cho Ben Thanh đường Nguyen Hue,"{'tokens': ['Phía', 'sau', 'Cho', 'Ben', 'Thanh', 'đường', 'Nguyen', 'Hue'], 'tags': ['O', 'O', 'B-POI', 'I-POI', 'I-POI', 'O', 'B-STR', 'I-STR']}"
Xóm 2 gần Mai Chi Tho,"{'tokens': ['Xóm', '2', 'gần', 'Mai', 'Chi', 'Tho'], 'tags': ['B-NBH', 'I-NBH', 'O', 'B-STR', 'I-STR', 'I-STR']}"
Tổ 12 gần Mai Chi Tho,"{'tokens': ['Tổ', '12', 'gần', 'Mai', 'Chi', 'Tho'], 'tags': ['B-NBH', 'I-NBH', 'O', 'B-STR', 'I-STR', 'I-STR']}"
Tổ 6 gần Mai Chi Tho,"{'tokens': ['Tổ', '6', 'gần', 'Mai', 'Chi', 'Tho'], 'tags': ['B-NBH', 'I-NBH', 'O', 'B-STR', 'I-STR', 'I-STR']}"
82/1 Mai Chi Tho,"{'tokens': ['82/1', 'Mai', 'Chi', 'Tho'], 'tags': ['B-NUM', 'B-STR', 'I-STR', 'I-STR']}"
Landmark 81 Số 189 Ngõ 80 Mai Chi Tho,"{'tokens': ['Landmark', '81', 'Số', '189', 'Ngõ', '80', 'Mai', 'Chi', 'Tho'], 'tags': ['B-BLD', 'I-BLD', 'B-NUM', 'I-NUM', 'B-ALY', 'I-ALY', 'B-STR', 'I-STR', 'I-STR']}"
412/42 Nguyen Hue,"{'tokens': ['412/42', 'Nguyen', 'Hue'], 'tags': ['B-NUM', 'B-STR', 'I-STR']}"
Landmark 81 Số 188 Kiệt 48 Le Loi,"{'tokens': ['Landmark', '81', 'Số', '188', 'Kiệt', '48', 'Le', 'Loi'], 'tags': ['B-BLD', 'I-BLD', 'B-NUM', 'I-NUM', 'B-ALY', 'I-ALY', 'B-STR', 'I-STR']}"
Xóm 5 gần Mai Chi Tho,"{'tokens': ['Xóm', '5', 'gần', 'Mai', 'Chi', 'Tho'], 'tags': ['B-NBH', 'I-NBH', 'O', 'B-STR', 'I-STR', 'I-STR']}"
217/46 Le Loi,"{'tokens': ['217/46', 'Le', 'Loi'], 'tags': ['B-NUM', 'B-STR', 'I-STR']}"
Bitexco Số 83 Ngõ 34 Mai Chi Tho,"{'tokens': ['Bitexco', 'Số', '83', 'Ngõ', '34', 'Mai', 'Chi', 'Tho'], 'tags': ['B-BLD', 'B-NUM', 'I-NUM', 'B-ALY', 'I-ALY', 'B-STR', 'I-STR', 'I-STR']}"
Khu phố 1 gần Mai Chi Tho,"{'tokens': ['Khu', 'phố', '1', 'gần', 'Mai', 'Chi', 'Tho'], 'tags': ['B-NBH', 'I-NBH', 'I-NBH', 'O', 'B-STR', 'I-STR', 'I-STR']}"
Nằm gần Ben xe Mien Tay đường Nguyen Hue,"{'tokens': ['Nằm', 'gần', 'Ben', 'xe', 'Mien', 'Tay', 'đường', 'Nguyen', 'Hue'], 'tags': ['O', 'O', 'B-POI', 'I-POI', 'I-POI', 'I-POI', 'O', 'B-STR', 'I-STR']}"
Bitexco Số 95 Hẻm 88 Nguyen Hue,"{'tokens': ['Bitexco', 'Số', '95', 'Hẻm', '88', 'Nguyen', 'Hue'], 'tags': ['B-BLD', 'B-NUM', 'I-NUM', 'B-ALY', 'I-ALY', 'B-STR', 'I-STR']}"
321/31 Mai Chi Tho,"{'tokens': ['321/31', 'Mai', 'Chi', 'Tho'], 'tags': ['B-NUM', 'B-STR', 'I-STR', 'I-STR']}"
478/18 Mai Chi Tho,"{'tokens': ['478/18', 'Mai', 'Chi', 'Tho'], 'tags': ['B-NUM', 'B-STR', 'I-STR', 'I-STR']}"
Landmark 81 Số 174 Kiệt 51 Nguyen Hue,"{'tokens': ['Landmark', '81', 'Số', '174', 'Kiệt', '51', 'Nguyen', 'Hue'], 'tags': ['B-BLD', 'I-BLD', 'B-NUM', 'I-NUM', 'B-ALY', 'I-ALY', 'B-STR', 'I-STR']}"
Nằm gần Cho Ben Thanh đường Le Loi,"{'tokens': ['Nằm', 'gần', 'Cho', 'Ben', 'Thanh', 'đường', 'Le', 'Loi'], 'tags': ['O', 'O', 'B-POI', 'I-POI', 'I-POI', 'O', 'B-STR', 'I-STR']}"
34/8 Mai Chi Tho,"{'tokens': ['34/8', 'Mai', 'Chi', 'Tho'], 'tags': ['B-NUM', 'B-STR', 'I-STR', 'I-STR']}"
139/44 Nguyen Hue,"{'tokens': ['139/44', 'Nguyen', 'Hue'], 'tags': ['B-NUM', 'B-STR', 'I-STR']}"
24/4 Mai Chi Tho,"{'tokens': ['24/4', 'Mai', 'Chi', 'Tho'], 'tags': ['B-NUM', 'B-STR', 'I-STR', 'I-STR']}"
Cạnh Cho Ben Thanh đường Mai Chi Tho,"{'tokens': ['Cạnh', 'Cho', 'Ben', 'Thanh', 'đường', 'Mai', 'Chi', 'Tho'], 'tags': ['O', 'B-POI', 'I-POI', 'I-POI', 'O', 'B-STR', 'I-STR', 'I-STR']}"
19/46 Le Loi,"{'tokens': ['19/46', 'Le', 'Loi'], 'tags': ['B-NUM', 'B-STR', 'I-STR']}"
274/19 Le Loi,"{'tokens': ['274/19', 'Le', 'Loi'], 'tags': ['B-NUM', 'B-STR', 'I-STR']}"
Landmark 81 Số 180 Kiệt 8 Mai Chi Tho,"{'tokens': ['Landmark', '81', 'Số', '180', 'Kiệt', '8', 'Mai', 'Chi', 'Tho'], 'tags': ['B-BLD', 'I-BLD', 'B-NUM', 'I-NUM', 'B-ALY', 'I-ALY', 'B-STR', 'I-STR', 'I-STR']}"
Landmark 81 Số 149 Hẻm 79 Mai Chi Tho,"{'tokens': ['Landmark', '81', 'Số', '149', 'Hẻm', '79', 'Mai', 'Chi', 'Tho'], 'tags': ['B-BLD', 'I-BLD', 'B-NUM', 'I-NUM', 'B-ALY', 'I-ALY', 'B-STR', 'I-STR', 'I-STR']}"
Tổ 15 gần Nguyen Hue,"{'tokens': ['Tổ', '15', 'gần', 'Nguyen', 'Hue'], 'tags': ['B-NBH', 'I-NBH', 'O', 'B-STR', 'I-STR']}"
Landmark 81 Số 160 Kiệt 85 Nguyen Hue,"{'tokens': ['Landmark', '81', 'Số', '160', 'Kiệt', '85', 'Nguyen', 'Hue'], 'tags': ['B-BLD', 'I-BLD', 'B-NUM', 'I-NUM', 'B-ALY', 'I-ALY', 'B-STR', 'I-STR']}"
Kế bên Cho Ben Thanh đường Mai Chi Tho,"{'tokens': ['Kế', 'bên', 'Cho', 'Ben', 'Thanh', 'đường', 'Mai', 'Chi', 'Tho'], 'tags': ['O', 'O', 'B-POI', 'I-POI', 'I-POI', 'O', 'B-STR', 'I-STR', 'I-STR']}"
Ấp 9 gần Le Loi,"{'tokens': ['Ấp', '9', 'gần', 'Le', 'Loi'], 'tags': ['B-NBH', 'I-NBH', 'O', 'B-STR', 'I-STR']}"
471/5 Mai Chi Tho,"{'tokens': ['471/5', 'Mai', 'Chi', 'Tho'], 'tags': ['B-NUM', 'B-STR', 'I-STR', 'I-STR']}"
Tổ 7 gần Mai Chi Tho,"{'tokens': ['Tổ', '7', 'gần', 'Mai', 'Chi', 'Tho'], 'tags': ['B-NBH', 'I-NBH', 'O', 'B-STR', 'I-STR', 'I-STR']}"
Thôn 17 gần Nguyen Hue,"{'tokens': ['Thôn', '17', 'gần', 'Nguyen', 'Hue'], 'tags': ['B-NBH', 'I-NBH', 'O', 'B-STR', 'I-STR']}"
Xóm 3 gần Mai Chi Tho,"{'tokens': ['Xóm', '3', 'gần', 'Mai', 'Chi', 'Tho'], 'tags': ['B-NBH', 'I-NBH', 'O', 'B-STR', 'I-STR', 'I-STR']}"
Landmark 81 Số 35 Ngõ 26 Nguyen Hue,"{'tokens': ['Landmark', '81', 'Số', '35', 'Ngõ', '26', 'Nguyen', 'Hue'], 'tags': ['B-BLD', 'I-BLD', 'B-NUM', 'I-NUM', 'B-ALY', 'I-ALY', 'B-STR', 'I-STR']}"
Ấp 5 gần Le Loi,"{'tokens': ['Ấp', '5', 'gần', 'Le', 'Loi'], 'tags': ['B-NBH', 'I-NBH', 'O', 'B-STR', 'I-STR']}"
Nằm gần Ben xe Mien Tay đường Le Loi,"{'tokens': ['Nằm', 'gần', 'Ben', 'xe', 'Mien', 'Tay', 'đường', 'Le', 'Loi'], 'tags': ['O', 'O', 'B-POI', 'I-POI', 'I-POI', 'I-POI', 'O', 'B-STR', 'I-STR']}"
Bitexco Số 107 Ngõ 49 Mai Chi Tho,"{'tokens': ['Bitexco', 'Số', '107', 'Ngõ', '49', 'Mai', 'Chi', 'Tho'], 'tags': ['B-BLD', 'B-NUM', 'I-NUM', 'B-ALY', 'I-ALY', 'B-STR', 'I-STR', 'I-STR']}"
19/34 Nguyen Hue,"{'tokens': ['19/34', 'Nguyen', 'Hue'], 'tags': ['B-NUM', 'B-STR', 'I-STR']}"
Nằm gần Ben xe Mien Tay đường Nguyen Hue,"{'tokens': ['Nằm', 'gần', 'Ben', 'xe', 'Mien', 'Tay', 'đường', 'Nguyen', 'Hue'], 'tags': ['O', 'O', 'B-POI', 'I-POI', 'I-POI', 'I-POI', 'O', 'B-STR', 'I-STR']}"
Ấp 11 gần Mai Chi Tho,"{'tokens': ['Ấp', '11', 'gần', 'Mai', 'Chi', 'Tho'], 'tags': ['B-NBH', 'I-NBH', 'O', 'B-STR', 'I-STR', 'I-STR']}"
Phía sau Ben xe Mien Tay đường Mai Chi Tho,"{'tokens': ['Phía', 'sau', 'Ben', 'xe', 'Mien', 'Tay', 'đường', 'Mai', 'Chi', 'Tho'], 'tags': ['O', 'O', 'B-POI', 'I-POI', 'I-POI', 'I-POI', 'O', 'B-STR', 'I-STR', 'I-STR']}"
179/33 Mai Chi Tho,"{'tokens': ['179/33', 'Mai', 'Chi', 'Tho'], 'tags': ['B-NUM', 'B-STR', 'I-STR', 'I-STR']}"
Phía sau Cho Ben Thanh đường Mai Chi Tho,"{'tokens': ['Phía', 'sau', 'Cho', 'Ben', 'Thanh', 'đường', 'Mai', 'Chi', 'Tho'], 'tags': ['O', 'O', 'B-POI', 'I-POI', 'I-POI', 'O', 'B-STR', 'I-STR', 'I-STR']}"
Cạnh Ben xe Mien Tay đường Mai Chi Tho,"{'tokens': ['Cạnh', 'Ben', 'xe', 'Mien', 'Tay', 'đường', 'Mai', 'Chi', 'Tho'], 'tags': ['O', 'B-POI', 'I-POI', 'I-POI', 'I-POI', 'O', 'B-STR', 'I-STR', 'I-STR']}"
Ấp 14 gần Mai Chi Tho,"{'tokens': ['Ấp', '14', 'gần', 'Mai', 'Chi', 'Tho'], 'tags': ['B-NBH', 'I-NBH', 'O', 'B-STR', 'I-STR', 'I-STR']}"
Bitexco Số 23 Ngõ 55 Mai Chi Tho,"{'tokens': ['Bitexco', 'Số', '23', 'Ngõ', '55', 'Mai', 'Chi', 'Tho'], 'tags': ['B-BLD', 'B-NUM', 'I-NUM', 'B-ALY', 'I-ALY', 'B-STR', 'I-STR', 'I-STR']}"
Gần Cho Ben Thanh đường Le Loi,"{'tokens': ['Gần', 'Cho', 'Ben', 'Thanh', 'đường', 'Le', 'Loi'], 'tags': ['O', 'B-POI', 'I-POI', 'I-POI', 'O', 'B-STR', 'I-STR']}"
Thôn 8 gần Mai Chi Tho,"{'tokens': ['Thôn', '8', 'gần', 'Mai', 'Chi', 'Tho'], 'tags': ['B-NBH', 'I-NBH', 'O', 'B-STR', 'I-STR', 'I-STR']}"
Nằm gần Cho Ben Thanh đường Le Loi,"{'tokens': ['Nằm', 'gần', 'Cho', 'Ben', 'Thanh', 'đường', 'Le', 'Loi'], 'tags': ['O', 'O', 'B-POI', 'I-POI', 'I-POI', 'O', 'B-STR', 'I-STR']}"
Khu phố 4 gần Mai Chi Tho,"{'tokens': ['Khu', 'phố', '4', 'gần', 'Mai', 'Chi', 'Tho'], 'tags': ['B-NBH', 'I-NBH', 'I-NBH', 'O', 'B-STR', 'I-STR', 'I-STR']}"
Nằm gần Ben xe Mien Tay đường Mai Chi Tho,"{'tokens': ['Nằm', 'gần', 'Ben', 'xe', 'Mien', 'Tay', 'đường', 'Mai', 'Chi', 'Tho'], 'tags': ['O', 'O', 'B-POI', 'I-POI', 'I-POI', 'I-POI', 'O', 'B-STR', 'I-STR', 'I-STR']}"
Bitexco Số 133 Hẻm 1 Le Loi,"{'tokens': ['Bitexco', 'Số', '133', 'Hẻm', '1', 'Le', 'Loi'], 'tags': ['B-BLD', 'B-NUM', 'I-NUM', 'B-ALY', 'I-ALY', 'B-STR', 'I-STR']}"
131/27 Le Loi,"{'tokens': ['131/27', 'Le', 'Loi'], 'tags': ['B-NUM', 'B-STR', 'I-STR']}"
Gần Cho Ben Thanh đường Le Loi,"{'tokens': ['Gần', 'Cho', 'Ben', 'Thanh', 'đường', 'Le', 'Loi'], 'tags': ['O', 'B-POI', 'I-POI', 'I-POI', 'O', 'B-STR', 'I-STR']}"
Bitexco Số 49 Ngõ 39 Mai Chi Tho,"{'tokens': ['Bitexco', 'Số', '49', 'Ngõ', '39', 'Mai', 'Chi', 'Tho'], 'tags': ['B-BLD', 'B-NUM', 'I-NUM', 'B-ALY', 'I-ALY', 'B-STR', 'I-STR', 'I-STR']}"
Tổ 13 gần Mai Chi Tho,"{'tokens': ['Tổ', '13', 'gần', 'Mai', 'Chi', 'Tho'], 'tags': ['B-NBH', 'I-NBH', 'O', 'B-STR', 'I-STR', 'I-STR']}"
369/36 Le Loi,"{'tokens': ['369/36', 'Le', 'Loi'], 'tags': ['B-NUM', 'B-STR', 'I-STR']}"
Tổ 7 gần Nguyen Hue,"{'tokens': ['Tổ', '7', 'gần', 'Nguyen', 'Hue'], 'tags': ['B-NBH', 'I-NBH', 'O', 'B-STR', 'I-STR']}"
132/19 Mai Chi Tho,"{'tokens': ['132/19', 'Mai', 'Chi', 'Tho'], 'tags': ['B-NUM', 'B-STR', 'I-STR', 'I-STR']}"
Nằm gần Ben xe Mien Tay đường Le Loi,"{'tokens': ['Nằm', 'gần', 'Ben', 'xe', 'Mien', 'Tay', 'đường', 'Le', 'Loi'], 'tags': ['O', 'O', 'B-POI', 'I-POI', 'I-POI', 'I-POI', 'O', 'B-STR', 'I-STR']}"
Đối diện Ben xe Mien Tay đường Le Loi,"{'tokens': ['Đối', 'diện', 'Ben', 'xe', 'Mien', 'Tay', 'đường', 'Le', 'Loi'], 'tags': ['O', 'O', 'B-POI', 'I-POI', 'I-POI', 'I-POI', 'O', 'B-STR', 'I-STR']}"
Tổ 9 gần Mai Chi Tho,"{'tokens': ['Tổ', '9', 'gần', 'Mai', 'Chi', 'Tho'], 'tags': ['B-NBH', 'I-NBH', 'O', 'B-STR', 'I-STR', 'I-STR']}"
196/49 Le Loi,"{'tokens': ['196/49', 'Le', 'Loi'], 'tags': ['B-NUM', 'B-STR', 'I-STR']}"
Gần Cho Ben Thanh đường Mai Chi Tho,"{'tokens': ['Gần', 'Cho', 'Ben', 'Thanh', 'đường', 'Mai', 'Chi', 'Tho'], 'tags': ['O', 'B-POI', 'I-POI', 'I-POI', 'O', 'B-STR', 'I-STR', 'I-STR']}"
Landmark 81 Số 58 Hẻm 81 Le Loi,"{'tokens': ['Landmark', '81', 'Số', '58', 'Hẻm', '81', 'Le', 'Loi'], 'tags': ['B-BLD', 'I-BLD', 'B-NUM', 'I-NUM', 'B-ALY', 'I-ALY', 'B-STR', 'I-STR']}"
Ấp 12 gần Le Loi,"{'tokens': ['Ấp', '12', 'gần', 'Le', 'Loi'], 'tags': ['B-NBH', 'I-NBH', 'O', 'B-STR', 'I-STR']}"
Tổ 19 gần Nguyen Hue,"{'tokens': ['Tổ', '19', 'gần', 'Nguyen', 'Hue'], 'tags': ['B-NBH', 'I-NBH', 'O', 'B-STR', 'I-STR']}"
Xóm 12 gần Mai Chi Tho,"{'tokens': ['Xóm', '12', 'gần', 'Mai', 'Chi', 'Tho'], 'tags': ['B-NBH', 'I-NBH', 'O', 'B-STR', 'I-STR', 'I-STR']}"
Bitexco Số 58 Ngõ 2 Le Loi,"{'tokens': ['Bitexco', 'Số', '58', 'Ngõ', '2', 'Le', 'Loi'], 'tags': ['B-BLD', 'B-NUM', 'I-NUM', 'B-ALY', 'I-ALY', 'B-STR', 'I-STR']}"
Cạnh Cho Ben Thanh đường Nguyen Hue,"{'tokens': ['Cạnh', 'Cho', 'Ben', 'Thanh', 'đường', 'Nguyen', 'Hue'], 'tags': ['O', 'B-POI', 'I-POI', 'I-POI', 'O', 'B-STR', 'I-STR']}"
Tổ 15 gần Mai Chi Tho,"{'tokens': ['Tổ', '15', 'gần', 'Mai', 'Chi', 'Tho'], 'tags': ['B-NBH', 'I-NBH', 'O', 'B-STR', 'I-STR', 'I-STR']}"
Cạnh Cho Ben Thanh đường Mai Chi Tho,"{'tokens': ['Cạnh', 'Cho', 'Ben', 'Thanh', 'đường', 'Mai', 'Chi', 'Tho'], 'tags': ['O', 'B-POI', 'I-POI', 'I-POI', 'O', 'B-STR', 'I-STR', 'I-STR']}"
392/29 Nguyen Hue,"{'tokens': ['392/29', 'Nguyen', 'Hue'], 'tags': ['B-NUM', 'B-STR', 'I-STR']}"
Ấp 1 gần Mai Chi Tho,"{'tokens': ['Ấp', '1', 'gần', 'Mai', 'Chi', 'Tho'], 'tags': ['B-NBH', 'I-NBH', 'O', 'B-STR', 'I-STR', 'I-STR']}"
340/20 Mai Chi Tho,"{'tokens': ['340/20', 'Mai', 'Chi', 'Tho'], 'tags': ['B-NUM', 'B-STR', 'I-STR', 'I-STR']}"
Xóm 17 gần Mai Chi Tho,"{'tokens': ['Xóm', '17', 'gần', 'Mai', 'Chi', 'Tho'], 'tags': ['B-NBH', 'I-NBH', 'O', 'B-STR', 'I-STR', 'I-STR']}"
Kế bên Cho Ben Thanh đường Mai Chi Tho,"{'tokens': ['Kế', 'bên', 'Cho', 'Ben', 'Thanh', 'đường', 'Mai', 'Chi', 'Tho'], 'tags': ['O', 'O', 'B-POI', 'I-POI', 'I-POI', 'O', 'B-STR', 'I-STR', 'I-STR']}"
Ấp 11 gần Nguyen Hue,"{'tokens': ['Ấp', '11', 'gần', 'Nguyen', 'Hue'], 'tags': ['B-NBH', 'I-NBH', 'O', 'B-STR', 'I-STR']}"
Landmark 81 Số 156 Kiệt 69 Le Loi,"{'tokens': ['Landmark', '81', 'Số', '156', 'Kiệt', '69', 'Le', 'Loi'], 'tags': ['B-BLD', 'I-BLD', 'B-NUM', 'I-NUM', 'B-ALY', 'I-ALY', 'B-STR', 'I-STR']}"
Landmark 81 Số 165 Kiệt 41 Mai Chi Tho,"{'tokens': ['Landmark', '81', 'Số', '165', 'Kiệt', '41', 'Mai', 'Chi', 'Tho'], 'tags': ['B-BLD', 'I-BLD', 'B-NUM', 'I-NUM', 'B-ALY', 'I-ALY', 'B-STR', 'I-STR', 'I-STR']}"
Đối diện Ben xe Mien Tay đường Mai Chi Tho,"{'tokens': ['Đối', 'diện', 'Ben', 'xe', 'Mien', 'Tay', 'đường', 'Mai', 'Chi', 'Tho'], 'tags': ['O', 'O', 'B-POI', 'I-POI', 'I-POI', 'I-POI', 'O', 'B-STR', 'I-STR', 'I-STR']}"
Thôn 4 gần Nguyen Hue,"{'tokens': ['Thôn', '4', 'gần', 'Nguyen', 'Hue'], 'tags': ['B-NBH', 'I-NBH', 'O', 'B-STR', 'I-STR']}"
Nằm gần Ben xe Mien Tay đường Nguyen Hue,"{'tokens': ['Nằm', 'gần', 'Ben', 'xe', 'Mien', 'Tay', 'đường', 'Nguyen', 'Hue'], 'tags': ['O', 'O', 'B-POI', 'I-POI', 'I-POI', 'I-POI', 'O', 'B-STR', 'I-STR']}"
176/38 Le Loi,"{'tokens': ['176/38', 'Le', 'Loi'], 'tags': ['B-NUM', 'B-STR', 'I-STR']}"
Landmark 81 Số 70 Hẻm 51 Nguyen Hue,"{'tokens': ['Landmark', '81', 'Số', '70', 'Hẻm', '51', 'Nguyen', 'Hue'], 'tags': ['B-BLD', 'I-BLD', 'B-NUM', 'I-NUM', 'B-ALY', 'I-ALY', 'B-STR', 'I-STR']}"
Ấp 19 gần Le Loi,"{'tokens': ['Ấp', '19', 'gần', 'Le', 'Loi'], 'tags': ['B-NBH', 'I-NBH', 'O', 'B-STR', 'I-STR']}"
416/34 Le Loi,"{'tokens': ['416/34', 'Le', 'Loi'], 'tags': ['B-NUM', 'B-STR', 'I-STR']}"
Cạnh Cho Ben Thanh đường Le Loi,"{'tokens': ['Cạnh', 'Cho', 'Ben', 'Thanh', 'đường', 'Le', 'Loi'], 'tags': ['O', 'B-POI', 'I-POI', 'I-POI', 'O', 'B-STR', 'I-STR']}"
171/24 Mai Chi Tho,"{'tokens': ['171/24', 'Mai', 'Chi', 'Tho'], 'tags': ['B-NUM', 'B-STR', 'I-STR', 'I-STR']}"
Nằm gần Cho Ben Thanh đường Mai Chi Tho,"{'tokens': ['Nằm', 'gần', 'Cho', 'Ben', 'Thanh', 'đường', 'Mai', 'Chi', 'Tho'], 'tags': ['O', 'O', 'B-POI', 'I-POI', 'I-POI', 'O', 'B-STR', 'I-STR', 'I-STR']}"
99/31 Mai Chi Tho,"{'tokens': ['99/31', 'Mai', 'Chi', 'Tho'], 'tags': ['B-NUM', 'B-STR', 'I-STR', 'I-STR']}"
Cạnh Cho Ben Thanh đường Nguyen Hue,"{'tokens': ['Cạnh', 'Cho', 'Ben', 'Thanh', 'đường', 'Nguyen', 'Hue'], 'tags': ['O', 'B-POI', 'I-POI', 'I-POI', 'O', 'B-STR', 'I-STR']}"
171/40 Le Loi,"{'tokens': ['171/40', 'Le', 'Loi'], 'tags': ['B-NUM', 'B-STR', 'I-STR']}"
Đối diện Ben xe Mien Tay đường Mai Chi Tho,"{'tokens': ['Đối', 'diện', 'Ben', 'xe', 'Mien', 'Tay', 'đường', 'Mai', 'Chi', 'Tho'], 'tags': ['O', 'O', 'B-POI', 'I-POI', 'I-POI', 'I-POI', 'O', 'B-STR', 'I-STR', 'I-STR']}"
Khu phố 14 gần Nguyen Hue,"{'tokens': ['Khu', 'phố', '14', 'gần', 'Nguyen', 'Hue'], 'tags': ['B-NBH', 'I-NBH', 'I-NBH', 'O', 'B-STR', 'I-STR']}"
304/35 Mai Chi Tho,"{'tokens': ['304/35', 'Mai', 'Chi', 'Tho'], 'tags': ['B-NUM', 'B-STR', 'I-STR', 'I-STR']}"
Bitexco Số 160 Kiệt 64 Le Loi,"{'tokens': ['Bitexco', 'Số', '160', 'Kiệt', '64', 'Le', 'Loi'], 'tags': ['B-BLD', 'B-NUM', 'I-NUM', 'B-ALY', 'I-ALY', 'B-STR', 'I-STR']}"
Bitexco Số 129 Hẻm 65 Nguyen Hue,"{'tokens': ['Bitexco', 'Số', '129', 'Hẻm', '65', 'Nguyen', 'Hue'], 'tags': ['B-BLD', 'B-NUM', 'I-NUM', 'B-ALY', 'I-ALY', 'B-STR', 'I-STR']}"
Landmark 81 Số 2 Kiệt 52 Mai Chi Tho,"{'tokens': ['Landmark', '81', 'Số', '2', 'Kiệt', '52', 'Mai', 'Chi', 'Tho'], 'tags': ['B-BLD', 'I-BLD', 'B-NUM', 'I-NUM', 'B-ALY', 'I-ALY', 'B-STR', 'I-STR', 'I-STR']}"
Ấp 17 gần Le Loi,"{'tokens': ['Ấp', '17', 'gần', 'Le', 'Loi'], 'tags': ['B-NBH', 'I-NBH', 'O', 'B-STR', 'I-STR']}"
Ấp 6 gần Mai Chi Tho,"{'tokens': ['Ấp', '6', 'gần', 'Mai', 'Chi', 'Tho'], 'tags': ['B-NBH', 'I-NBH', 'O', 'B-STR', 'I-STR', 'I-STR']}"
214/11 Mai Chi Tho,"{'tokens': ['214/11', 'Mai', 'Chi', 'Tho'], 'tags': ['B-NUM', 'B-STR', 'I-STR', 'I-STR']}"
Bitexco Số 63 Kiệt 57 Mai Chi Tho,"{'tokens': ['Bitexco', 'Số', '63', 'Kiệt', '57', 'Mai', 'Chi', 'Tho'], 'tags': ['B-BLD', 'B-NUM', 'I-NUM', 'B-ALY', 'I-ALY', 'B-STR', 'I-STR', 'I-STR']}"
Xóm 8 gần Le Loi,"{'tokens': ['Xóm', '8', 'gần', 'Le', 'Loi'], 'tags': ['B-NBH', 'I-NBH', 'O', 'B-STR', 'I-STR']}"
Nằm gần Cho Ben Thanh đường Nguyen Hue,"{'tokens': ['Nằm', 'gần', 'Cho', 'Ben', 'Thanh', 'đường', 'Nguyen', 'Hue'], 'tags': ['O', 'O', 'B-POI', 'I-POI', 'I-POI', 'O', 'B-STR', 'I-STR']}"
Bitexco Số 178 Ngõ 43 Nguyen Hue,"{'tokens': ['Bitexco', 'Số', '178', 'Ngõ', '43', 'Nguyen', 'Hue'], 'tags': ['B-BLD', 'B-NUM', 'I-NUM', 'B-ALY', 'I-ALY', 'B-STR', 'I-STR']}"
Gần Cho Ben Thanh đường Le Loi,"{'tokens': ['Gần', 'Cho', 'Ben', 'Thanh', 'đường', 'Le', 'Loi'], 'tags': ['O', 'B-POI', 'I-POI', 'I-POI', 'O', 'B-STR', 'I-STR']}"
Xóm 14 gần Mai Chi Tho,"{'tokens': ['Xóm', '14', 'gần', 'Mai', 'Chi', 'Tho'], 'tags': ['B-NBH', 'I-NBH', 'O', 'B-STR', 'I-STR', 'I-STR']}"
Thôn 6 gần Mai Chi Tho,"{'tokens': ['Thôn', '6', 'gần', 'Mai', 'Chi', 'Tho'], 'tags': ['B-NBH', 'I-NBH', 'O', 'B-STR', 'I-STR', 'I-STR']}"
Bitexco Số 86 Hẻm 4 Nguyen Hue,"{'tokens': ['Bitexco', 'Số', '86', 'Hẻm', '4', 'Nguyen', 'Hue'], 'tags': ['B-BLD', 'B-NUM', 'I-NUM', 'B-ALY', 'I-ALY', 'B-STR', 'I-STR']}"
Bitexco Số 107 Kiệt 14 Le Loi,"{'tokens': ['Bitexco', 'Số', '107', 'Kiệt', '14', 'Le', 'Loi'], 'tags': ['B-BLD', 'B-NUM', 'I-NUM', 'B-ALY', 'I-ALY', 'B-STR', 'I-STR']}"
108/9 Nguyen Hue,"{'tokens': ['108/9', 'Nguyen', 'Hue'], 'tags': ['B-NUM', 'B-STR', 'I-STR']}"
Bitexco Số 160 Ngõ 85 Mai Chi Tho,"{'tokens': ['Bitexco', 'Số', '160', 'Ngõ', '85', 'Mai', 'Chi', 'Tho'], 'tags': ['B-BLD', 'B-NUM', 'I-NUM', 'B-ALY', 'I-ALY', 'B-STR', 'I-STR', 'I-STR']}"
Ấp 19 gần Mai Chi Tho,"{'tokens': ['Ấp', '19', 'gần', 'Mai', 'Chi', 'Tho'], 'tags': ['B-NBH', 'I-NBH', 'O', 'B-STR', 'I-STR', 'I-STR']}"
Cạnh Ben xe Mien Tay đường Le Loi,"{'tokens': ['Cạnh', 'Ben', 'xe', 'Mien', 'Tay', 'đường', 'Le', 'Loi'], 'tags': ['O', 'B-POI', 'I-POI', 'I-POI', 'I-POI', 'O', 'B-STR', 'I-STR']}"
Bitexco Số 130 Ngõ 99 Nguyen Hue,"{'tokens': ['Bitexco', 'Số', '130', 'Ngõ', '99', 'Nguyen', 'Hue'], 'tags': ['B-BLD', 'B-NUM', 'I-NUM', 'B-ALY', 'I-ALY', 'B-STR', 'I-STR']}"
Landmark 81 Số 33 Kiệt 58 Le Loi,"{'tokens': ['Landmark', '81', 'Số', '33', 'Kiệt', '58', 'Le', 'Loi'], 'tags': ['B-BLD', 'I-BLD', 'B-NUM', 'I-NUM', 'B-ALY', 'I-ALY', 'B-STR', 'I-STR']}"
108/4 Le Loi,"{'tokens': ['108/4', 'Le', 'Loi'], 'tags': ['B-NUM', 'B-STR', 'I-STR']}"
332/38 Mai Chi Tho,"{'tokens': ['332/38', 'Mai', 'Chi', 'Tho'], 'tags': ['B-NUM', 'B-STR', 'I-STR', 'I-STR']}"
Xóm 20 gần Le Loi,"{'tokens': ['Xóm', '20', 'gần', 'Le', 'Loi'], 'tags': ['B-NBH', 'I-NBH', 'O', 'B-STR', 'I-STR']}"
48/44 Le Loi,"{'tokens': ['48/44', 'Le', 'Loi'], 'tags': ['B-NUM', 'B-STR', 'I-STR']}"
Thôn 8 gần Nguyen Hue,"{'tokens': ['Thôn', '8', 'gần', 'Nguyen', 'Hue'], 'tags': ['B-NBH', 'I-NBH', 'O', 'B-STR', 'I-STR']}"
Bitexco Số 174 Kiệt 10 Le Loi,"{'tokens': ['Bitexco', 'Số', '174', 'Kiệt', '10', 'Le', 'Loi'], 'tags': ['B-BLD', 'B-NUM', 'I-NUM', 'B-ALY', 'I-ALY', 'B-STR', 'I-STR']}"
364/44 Nguyen Hue,"{'tokens': ['364/44', 'Nguyen', 'Hue'], 'tags': ['B-NUM', 'B-STR', 'I-STR']}"
60/6 Mai Chi Tho,"{'tokens': ['60/6', 'Mai', 'Chi', 'Tho'], 'tags': ['B-NUM', 'B-STR', 'I-STR', 'I-STR']}"
Kế bên Cho Ben Thanh đường Nguyen Hue,"{'tokens': ['Kế', 'bên', 'Cho', 'Ben', 'Thanh', 'đường', 'Nguyen', 'Hue'], 'tags': ['O', 'O', 'B-POI', 'I-POI', 'I-POI', 'O', 'B-STR', 'I-STR']}"
207/11 Mai Chi Tho,"{'tokens': ['207/11', 'Mai', 'Chi', 'Tho'], 'tags': ['B-NUM', 'B-STR', 'I-STR', 'I-STR']}"
Landmark 81 Số 87 Kiệt 36 Nguyen Hue,"{'tokens': ['Landmark', '81', 'Số', '87', 'Kiệt', '36', 'Nguyen', 'Hue'], 'tags': ['B-BLD', 'I-BLD', 'B-NUM', 'I-NUM', 'B-ALY', 'I-ALY', 'B-STR', 'I-STR']}"
Landmark 81 Số 14 Hẻm 100 Nguyen Hue,"{'tokens': ['Landmark', '81', 'Số', '14', 'Hẻm', '100', 'Nguyen', 'Hue'], 'tags': ['B-BLD', 'I-BLD', 'B-NUM', 'I-NUM', 'B-ALY', 'I-ALY', 'B-STR', 'I-STR']}"
Landmark 81 Số 166 Ngõ 69 Mai Chi Tho,"{'tokens': ['Landmark', '81', 'Số', '166', 'Ngõ', '69', 'Mai', 'Chi', 'Tho'], 'tags': ['B-BLD', 'I-BLD', 'B-NUM', 'I-NUM', 'B-ALY', 'I-ALY', 'B-STR', 'I-STR', 'I-STR']}"
390/40 Mai Chi Tho,"{'tokens': ['390/40', 'Mai', 'Chi', 'Tho'], 'tags': ['B-NUM', 'B-STR', 'I-STR', 'I-STR']}"
Bitexco Số 122 Kiệt 22 Nguyen Hue,"{'tokens': ['Bitexco', 'Số', '122', 'Kiệt', '22', 'Nguyen', 'Hue'], 'tags': ['B-BLD', 'B-NUM', 'I-NUM', 'B-ALY', 'I-ALY', 'B-STR', 'I-STR']}"
Khu phố 2 gần Le Loi,"{'tokens': ['Khu', 'phố', '2', 'gần', 'Le', 'Loi'], 'tags': ['B-NBH', 'I-NBH', 'I-NBH', 'O', 'B-STR', 'I-STR']}"
Bitexco Số 200 Ngõ 98 Nguyen Hue,"{'tokens': ['Bitexco', 'Số', '200', 'Ngõ', '98', 'Nguyen', 'Hue'], 'tags': ['B-BLD', 'B-NUM', 'I-NUM', 'B-ALY', 'I-ALY', 'B-STR', 'I-STR']}"
Landmark 81 Số 150 Hẻm 31 Nguyen Hue,"{'tokens': ['Landmark', '81', 'Số', '150', 'Hẻm', '31', 'Nguyen', 'Hue'], 'tags': ['B-BLD', 'I-BLD', 'B-NUM', 'I-NUM', 'B-ALY', 'I-ALY', 'B-STR', 'I-STR']}"
Bitexco Số 110 Ngõ 14 Nguyen Hue,"{'tokens': ['Bitexco', 'Số', '110', 'Ngõ', '14', 'Nguyen', 'Hue'], 'tags': ['B-BLD', 'B-NUM', 'I-NUM', 'B-ALY', 'I-ALY', 'B-STR', 'I-STR']}"
Kế bên Cho Ben Thanh đường Nguyen Hue,"{'tokens': ['Kế', 'bên', 'Cho', 'Ben', 'Thanh', 'đường', 'Nguyen', 'Hue'], 'tags': ['O', 'O', 'B-POI', 'I-POI', 'I-POI', 'O', 'B-STR', 'I-STR']}"
Xóm 6 gần Nguyen Hue,"{'tokens': ['Xóm', '6', 'gần', 'Nguyen', 'Hue'], 'tags': ['B-NBH', 'I-NBH', 'O', 'B-STR', 'I-STR']}"
Nằm gần Cho Ben Thanh đường Mai Chi Tho,"{'tokens': ['Nằm', 'gần', 'Cho', 'Ben', 'Thanh', 'đường', 'Mai', 'Chi', 'Tho'], 'tags': ['O', 'O', 'B-POI', 'I-POI', 'I-POI', 'O', 'B-STR', 'I-STR', 'I-STR']}"
391/15 Mai Chi Tho,"{'tokens': ['391/15', 'Mai', 'Chi', 'Tho'], 'tags': ['B-NUM', 'B-STR', 'I-STR', 'I-STR']}"
339/36 Nguyen Hue,"{'tokens': ['339/36', 'Nguyen', 'Hue'], 'tags': ['B-NUM', 'B-STR', 'I-STR']}"
69/44 Nguyen Hue,"{'tokens': ['69/44', 'Nguyen', 'Hue'], 'tags': ['B-NUM', 'B-STR', 'I-STR']}"
345/39 Le Loi,"{'tokens': ['345/39', 'Le', 'Loi'], 'tags': ['B-NUM', 'B-STR', 'I-STR']}"
Gần Cho Ben Thanh đường Nguyen Hue,"{'tokens': ['Gần', 'Cho', 'Ben', 'Thanh', 'đường', 'Nguyen', 'Hue'], 'tags': ['O', 'B-POI', 'I-POI', 'I-POI', 'O', 'B-STR', 'I-STR']}"
31/14 Nguyen Hue,"{'tokens': ['31/14', 'Nguyen', 'Hue'], 'tags': ['B-NUM', 'B-STR', 'I-STR']}"
Thôn 20 gần Nguyen Hue,"{'tokens': ['Thôn', '20', 'gần', 'Nguyen', 'Hue'], 'tags': ['B-NBH', 'I-NBH', 'O', 'B-STR', 'I-STR']}"
Kế bên Ben xe Mien Tay đường Nguyen Hue,"{'tokens': ['Kế', 'bên', 'Ben', 'xe', 'Mien', 'Tay', 'đường', 'Nguyen', 'Hue'], 'tags': ['O', 'O', 'B-POI', 'I-POI', 'I-POI', 'I-POI', 'O', 'B-STR', 'I-STR']}"
Gần Cho Ben Thanh đường Mai Chi Tho,"{'tokens': ['Gần', 'Cho', 'Ben', 'Thanh', 'đường', 'Mai', 'Chi', 'Tho'], 'tags': ['O', 'B-POI', 'I-POI', 'I-POI', 'O', 'B-STR', 'I-STR', 'I-STR']}"
Cạnh Ben xe Mien Tay đường Nguyen Hue,"{'tokens': ['Cạnh', 'Ben', 'xe', 'Mien', 'Tay', 'đường', 'Nguyen', 'Hue'], 'tags': ['O', 'B-POI', 'I-POI', 'I-POI', 'I-POI', 'O', 'B-STR', 'I-STR']}"
Landmark 81 Số 60 Kiệt 19 Mai Chi Tho,"{'tokens': ['Landmark', '81', 'Số', '60', 'Kiệt', '19', 'Mai', 'Chi', 'Tho'], 'tags': ['B-BLD', 'I-BLD', 'B-NUM', 'I-NUM', 'B-ALY', 'I-ALY', 'B-STR', 'I-STR', 'I-STR']}"
Bitexco Số 8 Kiệt 56 Le Loi,"{'tokens': ['Bitexco', 'Số', '8', 'Kiệt', '56', 'Le', 'Loi'], 'tags': ['B-BLD', 'B-NUM', 'I-NUM', 'B-ALY', 'I-ALY', 'B-STR', 'I-STR']}"
Tổ 9 gần Nguyen Hue,"{'tokens': ['Tổ', '9', 'gần', 'Nguyen', 'Hue'], 'tags': ['B-NBH', 'I-NBH', 'O', 'B-STR', 'I-STR']}"
Kế bên Ben xe Mien Tay đường Nguyen Hue,"{'tokens': ['Kế', 'bên', 'Ben', 'xe', 'Mien', 'Tay', 'đường', 'Nguyen', 'Hue'], 'tags': ['O', 'O', 'B-POI', 'I-POI', 'I-POI', 'I-POI', 'O', 'B-STR', 'I-STR']}"
Phía sau Cho Ben Thanh đường Mai Chi Tho,"{'tokens': ['Phía', 'sau', 'Cho', 'Ben', 'Thanh', 'đường', 'Mai', 'Chi', 'Tho'], 'tags': ['O', 'O', 'B-POI', 'I-POI', 'I-POI', 'O', 'B-STR', 'I-STR', 'I-STR']}"
Cạnh Cho Ben Thanh đường Nguyen Hue,"{'tokens': ['Cạnh', 'Cho', 'Ben', 'Thanh', 'đường', 'Nguyen', 'Hue'], 'tags': ['O', 'B-POI', 'I-POI', 'I-POI', 'O', 'B-STR', 'I-STR']}"
164/4 Le Loi,"{'tokens': ['164/4', 'Le', 'Loi'], 'tags': ['B-NUM', 'B-STR', 'I-STR']}"
Gần Ben xe Mien Tay đường Mai Chi Tho,"{'tokens': ['Gần', 'Ben', 'xe', 'Mien', 'Tay', 'đường', 'Mai', 'Chi', 'Tho'], 'tags': ['O', 'B-POI', 'I-POI', 'I-POI', 'I-POI', 'O', 'B-STR', 'I-STR', 'I-STR']}"
Bitexco Số 122 Ngõ 93 Le Loi,"{'tokens': ['Bitexco', 'Số', '122', 'Ngõ', '93', 'Le', 'Loi'], 'tags': ['B-BLD', 'B-NUM', 'I-NUM', 'B-ALY', 'I-ALY', 'B-STR', 'I-STR']}"
Gần Cho Ben Thanh đường Le Loi,"{'tokens': ['Gần', 'Cho', 'Ben', 'Thanh', 'đường', 'Le', 'Loi'], 'tags': ['O', 'B-POI', 'I-POI', 'I-POI', 'O', 'B-STR', 'I-STR']}"
Bitexco Số 131 Kiệt 52 Le Loi,"{'tokens': ['Bitexco', 'Số', '131', 'Kiệt', '52', 'Le', 'Loi'], 'tags': ['B-BLD', 'B-NUM', 'I-NUM', 'B-ALY', 'I-ALY', 'B-STR', 'I-STR']}"
457/33 Nguyen Hue,"{'tokens': ['457/33', 'Nguyen', 'Hue'], 'tags': ['B-NUM', 'B-STR', 'I-STR']}"
157/1 Le Loi,"{'tokens': ['157/1', 'Le', 'Loi'], 'tags': ['B-NUM', 'B-STR', 'I-STR']}"
Gần Cho Ben Thanh đường Mai Chi Tho,"{'tokens': ['Gần', 'Cho', 'Ben', 'Thanh', 'đường', 'Mai', 'Chi', 'Tho'], 'tags': ['O', 'B-POI', 'I-POI', 'I-POI', 'O', 'B-STR', 'I-STR', 'I-STR']}"
Phía sau Ben xe Mien Tay đường Le Loi,"{'tokens': ['Phía', 'sau', 'Ben', 'xe', 'Mien', 'Tay', 'đường', 'Le', 'Loi'], 'tags': ['O', 'O', 'B-POI', 'I-POI', 'I-POI', 'I-POI', 'O', 'B-STR', 'I-STR']}"
Cạnh Cho Ben Thanh đường Mai Chi Tho,"{'tokens': ['Cạnh', 'Cho', 'Ben', 'Thanh', 'đường', 'Mai', 'Chi', 'Tho'], 'tags': ['O', 'B-POI', 'I-POI', 'I-POI', 'O', 'B-STR', 'I-STR', 'I-STR']}"
419/21 Mai Chi Tho,"{'tokens': ['419/21', 'Mai', 'Chi', 'Tho'], 'tags': ['B-NUM', 'B-STR', 'I-STR', 'I-STR']}"
Thôn 8 gần Le Loi,"{'tokens': ['Thôn', '8', 'gần', 'Le', 'Loi'], 'tags': ['B-NBH', 'I-NBH', 'O', 'B-STR', 'I-STR']}"
382/44 Mai Chi Tho,"{'tokens': ['382/44', 'Mai', 'Chi', 'Tho'], 'tags': ['B-NUM', 'B-STR', 'I-STR', 'I-STR']}"
Landmark 81 Số 190 Hẻm 61 Nguyen Hue,"{'tokens': ['Landmark', '81', 'Số', '190', 'Hẻm', '61', 'Nguyen', 'Hue'], 'tags': ['B-BLD', 'I-BLD', 'B-NUM', 'I-NUM', 'B-ALY', 'I-ALY', 'B-STR', 'I-STR']}"
46/33 Nguyen Hue,"{'tokens': ['46/33', 'Nguyen', 'Hue'], 'tags': ['B-NUM', 'B-STR', 'I-STR']}"
Bitexco Số 95 Ngõ 36 Le Loi,"{'tokens': ['Bitexco', 'Số', '95', 'Ngõ', '36', 'Le', 'Loi'], 'tags': ['B-BLD', 'B-NUM', 'I-NUM', 'B-ALY', 'I-ALY', 'B-STR', 'I-STR']}"
Landmark 81 Số 58 Kiệt 11 Le Loi,"{'tokens': ['Landmark', '81', 'Số', '58', 'Kiệt', '11', 'Le', 'Loi'], 'tags': ['B-BLD', 'I-BLD', 'B-NUM', 'I-NUM', 'B-ALY', 'I-ALY', 'B-STR', 'I-STR']}"
367/17 Mai Chi Tho,"{'tokens': ['367/17', 'Mai', 'Chi', 'Tho'], 'tags': ['B-NUM', 'B-STR', 'I-STR', 'I-STR']}"
Landmark 81 Số 32 Kiệt 33 Nguyen Hue,"{'tokens': ['Landmark', '81', 'Số', '32', 'Kiệt', '33', 'Nguyen', 'Hue'], 'tags': ['B-BLD', 'I-BLD', 'B-NUM', 'I-NUM', 'B-ALY', 'I-ALY', 'B-STR', 'I-STR']}"
270/27 Mai Chi Tho,"{'tokens': ['270/27', 'Mai', 'Chi', 'Tho'], 'tags': ['B-NUM', 'B-STR', 'I-STR', 'I-STR']}"
Kế bên Cho Ben Thanh đường Nguyen Hue,"{'tokens': ['Kế', 'bên', 'Cho', 'Ben', 'Thanh', 'đường', 'Nguyen', 'Hue'], 'tags': ['O', 'O', 'B-POI', 'I-POI', 'I-POI', 'O', 'B-STR', 'I-STR']}"
84/16 Mai Chi Tho,"{'tokens': ['84/16', 'Mai', 'Chi', 'Tho'], 'tags': ['B-NUM', 'B-STR', 'I-STR', 'I-STR']}"
Kế bên Ben xe Mien Tay đường Le Loi,"{'tokens': ['Kế', 'bên', 'Ben', 'xe', 'Mien', 'Tay', 'đường', 'Le', 'Loi'], 'tags': ['O', 'O', 'B-POI', 'I-POI', 'I-POI', 'I-POI', 'O', 'B-STR', 'I-STR']}"
175/50 Le Loi,"{'tokens': ['175/50', 'Le', 'Loi'], 'tags': ['B-NUM', 'B-STR', 'I-STR']}"
390/24 Le Loi,"{'tokens': ['390/24', 'Le', 'Loi'], 'tags': ['B-NUM', 'B-STR', 'I-STR']}"
Nằm gần Cho Ben Thanh đường Mai Chi Tho,"{'tokens': ['Nằm', 'gần', 'Cho', 'Ben', 'Thanh', 'đường', 'Mai', 'Chi', 'Tho'], 'tags': ['O', 'O', 'B-POI', 'I-POI', 'I-POI', 'O', 'B-STR', 'I-STR', 'I-STR']}"
Bitexco Số 26 Hẻm 42 Le Loi,"{'tokens': ['Bitexco', 'Số', '26', 'Hẻm', '42', 'Le', 'Loi'], 'tags': ['B-BLD', 'B-NUM', 'I-NUM', 'B-ALY', 'I-ALY', 'B-STR', 'I-STR']}"
Xóm 20 gần Mai Chi Tho,"{'tokens': ['Xóm', '20', 'gần', 'Mai', 'Chi', 'Tho'], 'tags': ['B-NBH', 'I-NBH', 'O', 'B-STR', 'I-STR', 'I-STR']}"
Landmark 81 Số 110 Kiệt 91 Mai Chi Tho,"{'tokens': ['Landmark', '81', 'Số', '110', 'Kiệt', '91', 'Mai', 'Chi', 'Tho'], 'tags': ['B-BLD', 'I-BLD', 'B-NUM', 'I-NUM', 'B-ALY', 'I-ALY', 'B-STR', 'I-STR', 'I-STR']}"
Landmark 81 Số 22 Ngõ 27 Mai Chi Tho,"{'tokens': ['Landmark', '81', 'Số', '22', 'Ngõ', '27', 'Mai', 'Chi', 'Tho'], 'tags': ['B-BLD', 'I-BLD', 'B-NUM', 'I-NUM', 'B-ALY', 'I-ALY', 'B-STR', 'I-STR', 'I-STR']}"
Landmark 81 Số 95 Hẻm 63 Le Loi,"{'tokens': ['Landmark', '81', 'Số', '95', 'Hẻm', '63', 'Le', 'Loi'], 'tags': ['B-BLD', 'I-BLD', 'B-NUM', 'I-NUM', 'B-ALY', 'I-ALY', 'B-STR', 'I-STR']}"
Phía sau Cho Ben Thanh đường Mai Chi Tho,"{'tokens': ['Phía', 'sau', 'Cho', 'Ben', 'Thanh', 'đường', 'Mai', 'Chi', 'Tho'], 'tags': ['O', 'O', 'B-POI', 'I-POI', 'I-POI', 'O', 'B-STR', 'I-STR', 'I-STR']}"
182/10 Mai Chi Tho,"{'tokens': ['182/10', 'Mai', 'Chi', 'Tho'], 'tags': ['B-NUM', 'B-STR', 'I-STR', 'I-STR']}"
Landmark 81 Số 119 Kiệt 28 Le Loi,"{'tokens': ['Landmark', '81', 'Số', '119', 'Kiệt', '28', 'Le', 'Loi'], 'tags': ['B-BLD', 'I-BLD', 'B-NUM', 'I-NUM', 'B-ALY', 'I-ALY', 'B-STR', 'I-STR']}"
Đối diện Cho Ben Thanh đường Mai Chi Tho,"{'tokens': ['Đối', 'diện', 'Cho', 'Ben', 'Thanh', 'đường', 'Mai', 'Chi', 'Tho'], 'tags': ['O', 'O', 'B-POI', 'I-POI', 'I-POI', 'O', 'B-STR', 'I-STR', 'I-STR']}"
Thôn 15 gần Mai Chi Tho,"{'tokens': ['Thôn', '15', 'gần', 'Mai', 'Chi', 'Tho'], 'tags': ['B-NBH', 'I-NBH', 'O', 'B-STR', 'I-STR', 'I-STR']}"
Đối diện Cho Ben Thanh đường Le Loi,"{'tokens': ['Đối', 'diện', 'Cho', 'Ben', 'Thanh', 'đường', 'Le', 'Loi'], 'tags': ['O', 'O', 'B-POI', 'I-POI', 'I-POI', 'O', 'B-STR', 'I-STR']}"
242/36 Le Loi,"{'tokens': ['242/36', 'Le', 'Loi'], 'tags': ['B-NUM', 'B-STR', 'I-STR']}"
Phía sau Ben xe Mien Tay đường Mai Chi Tho,"{'tokens': ['Phía', 'sau', 'Ben', 'xe', 'Mien', 'Tay', 'đường', 'Mai', 'Chi', 'Tho'], 'tags': ['O', 'O', 'B-POI', 'I-POI', 'I-POI', 'I-POI', 'O', 'B-STR', 'I-STR', 'I-STR']}"
Khu phố 7 gần Nguyen Hue,"{'tokens': ['Khu', 'phố', '7', 'gần', 'Nguyen', 'Hue'], 'tags': ['B-NBH', 'I-NBH', 'I-NBH', 'O', 'B-STR', 'I-STR']}"
Bitexco Số 37 Ngõ 22 Nguyen Hue,"{'tokens': ['Bitexco', 'Số', '37', 'Ngõ', '22', 'Nguyen', 'Hue'], 'tags': ['B-BLD', 'B-NUM', 'I-NUM', 'B-ALY', 'I-ALY', 'B-STR', 'I-STR']}"
Landmark 81 Số 27 Ngõ 92 Mai Chi Tho,"{'tokens': ['Landmark', '81', 'Số', '27', 'Ngõ', '92', 'Mai', 'Chi', 'Tho'], 'tags': ['B-BLD', 'I-BLD', 'B-NUM', 'I-NUM', 'B-ALY', 'I-ALY', 'B-STR', 'I-STR', 'I-STR']}"
Gần Ben xe Mien Tay đường Nguyen Hue,"{'tokens': ['Gần', 'Ben', 'xe', 'Mien', 'Tay', 'đường', 'Nguyen', 'Hue'], 'tags': ['O', 'B-POI', 'I-POI', 'I-POI', 'I-POI', 'O', 'B-STR', 'I-STR']}"
Ấp 19 gần Le Loi,"{'tokens': ['Ấp', '19', 'gần', 'Le', 'Loi'], 'tags': ['B-NBH', 'I-NBH', 'O', 'B-STR', 'I-STR']}"
Gần Cho Ben Thanh đường Nguyen Hue,"{'tokens': ['Gần', 'Cho', 'Ben', 'Thanh', 'đường', 'Nguyen', 'Hue'], 'tags': ['O', 'B-POI', 'I-POI', 'I-POI', 'O', 'B-STR', 'I-STR']}"
Bitexco Số 194 Ngõ 27 Mai Chi Tho,"{'tokens': ['Bitexco', 'Số', '194', 'Ngõ', '27', 'Mai', 'Chi', 'Tho'], 'tags': ['B-BLD', 'B-NUM', 'I-NUM', 'B-ALY', 'I-ALY', 'B-STR', 'I-STR', 'I-STR']}"
Xóm 13 gần Mai Chi Tho,"{'tokens': ['Xóm', '13', 'gần', 'Mai', 'Chi', 'Tho'], 'tags': ['B-NBH', 'I-NBH', 'O', 'B-STR', 'I-STR', 'I-STR']}"
Gần Cho Ben Thanh đường Mai Chi Tho,"{'tokens': ['Gần', 'Cho', 'Ben', 'Thanh', 'đường', 'Mai', 'Chi', 'Tho'], 'tags': ['O', 'B-POI', 'I-POI', 'I-POI', 'O', 'B-STR', 'I-STR', 'I-STR']}"
Xóm 1 gần Mai Chi Tho,"{'tokens': ['Xóm', '1', 'gần', 'Mai', 'Chi', 'Tho'], 'tags': ['B-NBH', 'I-NBH', 'O', 'B-STR', 'I-STR', 'I-STR']}"
Landmark 81 Số 172 Ngõ 42 Le Loi,"{'tokens': ['Landmark', '81', 'Số', '172', 'Ngõ', '42', 'Le', 'Loi'], 'tags': ['B-BLD', 'I-BLD', 'B-NUM', 'I-NUM', 'B-ALY', 'I-ALY', 'B-STR', 'I-STR']}"
380/45 Mai Chi Tho,"{'tokens': ['380/45', 'Mai', 'Chi', 'Tho'], 'tags': ['B-NUM', 'B-STR', 'I-STR', 'I-STR']}"
Bitexco Số 180 Kiệt 88 Le Loi,"{'tokens': ['Bitexco', 'Số', '180', 'Kiệt', '88', 'Le', 'Loi'], 'tags': ['B-BLD', 'B-NUM', 'I-NUM', 'B-ALY', 'I-ALY', 'B-STR', 'I-STR']}"
Thôn 10 gần Nguyen Hue,"{'tokens': ['Thôn', '10', 'gần', 'Nguyen', 'Hue'], 'tags': ['B-NBH', 'I-NBH', 'O', 'B-STR', 'I-STR']}"
453/13 Nguyen Hue,"{'tokens': ['453/13', 'Nguyen', 'Hue'], 'tags': ['B-NUM', 'B-STR', 'I-STR']}"
220/22 Mai Chi Tho,"{'tokens': ['220/22', 'Mai', 'Chi', 'Tho'], 'tags': ['B-NUM', 'B-STR', 'I-STR', 'I-STR']}"
Khu phố 1 gần Mai Chi Tho,"{'tokens': ['Khu', 'phố', '1', 'gần', 'Mai', 'Chi', 'Tho'], 'tags': ['B-NBH', 'I-NBH', 'I-NBH', 'O', 'B-STR', 'I-STR', 'I-STR']}"
70/25 Nguyen Hue,"{'tokens': ['70/25', 'Nguyen', 'Hue'], 'tags': ['B-NUM', 'B-STR', 'I-STR']}"
Xóm 6 gần Le Loi,"{'tokens': ['Xóm', '6', 'gần', 'Le', 'Loi'], 'tags': ['B-NBH', 'I-NBH', 'O', 'B-STR', 'I-STR']}"
Landmark 81 Số 21 Hẻm 92 Le Loi,"{'tokens': ['Landmark', '81', 'Số', '21', 'Hẻm', '92', 'Le', 'Loi'], 'tags': ['B-BLD', 'I-BLD', 'B-NUM', 'I-NUM', 'B-ALY', 'I-ALY', 'B-STR', 'I-STR']}"
Cạnh Cho Ben Thanh đường Mai Chi Tho,"{'tokens': ['Cạnh', 'Cho', 'Ben', 'Thanh', 'đường', 'Mai', 'Chi', 'Tho'], 'tags': ['O', 'B-POI', 'I-POI', 'I-POI', 'O', 'B-STR', 'I-STR', 'I-STR']}"
Bitexco Số 5 Kiệt 81 Le Loi,"{'tokens': ['Bitexco', 'Số', '5', 'Kiệt', '81', 'Le', 'Loi'], 'tags': ['B-BLD', 'B-NUM', 'I-NUM', 'B-ALY', 'I-ALY', 'B-STR', 'I-STR']}"
Landmark 81 Số 111 Hẻm 33 Le Loi,"{'tokens': ['Landmark', '81', 'Số', '111', 'Hẻm', '33', 'Le', 'Loi'], 'tags': ['B-BLD', 'I-BLD', 'B-NUM', 'I-NUM', 'B-ALY', 'I-ALY', 'B-STR', 'I-STR']}"
90/33 Nguyen Hue,"{'tokens': ['90/33', 'Nguyen', 'Hue'], 'tags': ['B-NUM', 'B-STR', 'I-STR']}"
200/29 Le Loi,"{'tokens': ['200/29', 'Le', 'Loi'], 'tags': ['B-NUM', 'B-STR', 'I-STR']}"
Xóm 2 gần Le Loi,"{'tokens': ['Xóm', '2', 'gần', 'Le', 'Loi'], 'tags': ['B-NBH', 'I-NBH', 'O', 'B-STR', 'I-STR']}"
Bitexco Số 193 Ngõ 49 Le Loi,"{'tokens': ['Bitexco', 'Số', '193', 'Ngõ', '49', 'Le', 'Loi'], 'tags': ['B-BLD', 'B-NUM', 'I-NUM', 'B-ALY', 'I-ALY', 'B-STR', 'I-STR']}"
Nằm gần Cho Ben Thanh đường Le Loi,"{'tokens': ['Nằm', 'gần', 'Cho', 'Ben', 'Thanh', 'đường', 'Le', 'Loi'], 'tags': ['O', 'O', 'B-POI', 'I-POI', 'I-POI', 'O', 'B-STR', 'I-STR']}"
223/2 Nguyen Hue,"{'tokens': ['223/2', 'Nguyen', 'Hue'], 'tags': ['B-NUM', 'B-STR', 'I-STR']}"
Bitexco Số 23 Ngõ 48 Le Loi,"{'tokens': ['Bitexco', 'Số', '23', 'Ngõ', '48', 'Le', 'Loi'], 'tags': ['B-BLD', 'B-NUM', 'I-NUM', 'B-ALY', 'I-ALY', 'B-STR', 'I-STR']}"
Landmark 81 Số 181 Hẻm 64 Nguyen Hue,"{'tokens': ['Landmark', '81', 'Số', '181', 'Hẻm', '64', 'Nguyen', 'Hue'], 'tags': ['B-BLD', 'I-BLD', 'B-NUM', 'I-NUM', 'B-ALY', 'I-ALY', 'B-STR', 'I-STR']}"
Ấp 2 gần Le Loi,"{'tokens': ['Ấp', '2', 'gần', 'Le', 'Loi'], 'tags': ['B-NBH', 'I-NBH', 'O', 'B-STR', 'I-STR']}"
Landmark 81 Số 116 Hẻm 30 Mai Chi Tho,"{'tokens': ['Landmark', '81', 'Số', '116', 'Hẻm', '30', 'Mai', 'Chi', 'Tho'], 'tags': ['B-BLD', 'I-BLD', 'B-NUM', 'I-NUM', 'B-ALY', 'I-ALY', 'B-STR', 'I-STR', 'I-STR']}"
483/3 Mai Chi Tho,"{'tokens': ['483/3', 'Mai', 'Chi', 'Tho'], 'tags': ['B-NUM', 'B-STR', 'I-STR', 'I-STR']}"
Bitexco Số 49 Hẻm 51 Le Loi,"{'tokens': ['Bitexco', 'Số', '49', 'Hẻm', '51', 'Le', 'Loi'], 'tags': ['B-BLD', 'B-NUM', 'I-NUM', 'B-ALY', 'I-ALY', 'B-STR', 'I-STR']}"
Cạnh Cho Ben Thanh đường Le Loi,"{'tokens': ['Cạnh', 'Cho', 'Ben', 'Thanh', 'đường', 'Le', 'Loi'], 'tags': ['O', 'B-POI', 'I-POI', 'I-POI', 'O', 'B-STR', 'I-STR']}"
Ấp 14 gần Mai Chi Tho,"{'tokens': ['Ấp', '14', 'gần', 'Mai', 'Chi', 'Tho'], 'tags': ['B-NBH', 'I-NBH', 'O', 'B-STR', 'I-STR', 'I-STR']}"
Khu phố 19 gần Le Loi,"{'tokens': ['Khu', 'phố', '19', 'gần', 'Le', 'Loi'], 'tags': ['B-NBH', 'I-NBH', 'I-NBH', 'O', 'B-STR', 'I-STR']}"
Đối diện Ben xe Mien Tay đường Mai Chi Tho,"{'tokens': ['Đối', 'diện', 'Ben', 'xe', 'Mien', 'Tay', 'đường', 'Mai', 'Chi', 'Tho'], 'tags': ['O', 'O', 'B-POI', 'I-POI', 'I-POI', 'I-POI', 'O', 'B-STR', 'I-STR', 'I-STR']}"
Phía sau Cho Ben Thanh đường Mai Chi Tho,"{'tokens': ['Phía', 'sau', 'Cho', 'Ben', 'Thanh', 'đường', 'Mai', 'Chi', 'Tho'], 'tags': ['O', 'O', 'B-POI', 'I-POI', 'I-POI', 'O', 'B-STR', 'I-STR', 'I-STR']}"
250/12 Nguyen Hue,"{'tokens': ['250/12', 'Nguyen', 'Hue'], 'tags': ['B-NUM', 'B-STR', 'I-STR']}"
Bitexco Số 156 Ngõ 57 Le Loi,"{'tokens': ['Bitexco', 'Số', '156', 'Ngõ', '57', 'Le', 'Loi'], 'tags': ['B-BLD', 'B-NUM', 'I-NUM', 'B-ALY', 'I-ALY', 'B-STR', 'I-STR']}"
Bitexco Số 36 Kiệt 57 Mai Chi Tho,"{'tokens': ['Bitexco', 'Số', '36', 'Kiệt', '57', 'Mai', 'Chi', 'Tho'], 'tags': ['B-BLD', 'B-NUM', 'I-NUM', 'B-ALY', 'I-ALY', 'B-STR', 'I-STR', 'I-STR']}"
365/1 Mai Chi Tho,"{'tokens': ['365/1', 'Mai', 'Chi', 'Tho'], 'tags': ['B-NUM', 'B-STR', 'I-STR', 'I-STR']}"
Bitexco Số 106 Ngõ 24 Mai Chi Tho,"{'tokens': ['Bitexco', 'Số', '106', 'Ngõ', '24', 'Mai', 'Chi', 'Tho'], 'tags': ['B-BLD', 'B-NUM', 'I-NUM', 'B-ALY', 'I-ALY', 'B-STR', 'I-STR', 'I-STR']}"
Thôn 1 gần Nguyen Hue,"{'tokens': ['Thôn', '1', 'gần', 'Nguyen', 'Hue'], 'tags': ['B-NBH', 'I-NBH', 'O', 'B-STR', 'I-STR']}"
Phía sau Cho Ben Thanh đường Mai Chi Tho,"{'tokens': ['Phía', 'sau', 'Cho', 'Ben', 'Thanh', 'đường', 'Mai', 'Chi', 'Tho'], 'tags': ['O', 'O', 'B-POI', 'I-POI', 'I-POI', 'O', 'B-STR', 'I-STR', 'I-STR']}"
Ấp 3 gần Le Loi,"{'tokens': ['Ấp', '3', 'gần', 'Le', 'Loi'], 'tags': ['B-NBH', 'I-NBH', 'O', 'B-STR', 'I-STR']}"
Landmark 81 Số 129 Kiệt 46 Le Loi,"{'tokens': ['Landmark', '81', 'Số', '129', 'Kiệt', '46', 'Le', 'Loi'], 'tags': ['B-BLD', 'I-BLD', 'B-NUM', 'I-NUM', 'B-ALY', 'I-ALY', 'B-STR', 'I-STR']}"
Landmark 81 Số 1 Ngõ 76 Mai Chi Tho,"{'tokens': ['Landmark', '81', 'Số', '1', 'Ngõ', '76', 'Mai', 'Chi', 'Tho'], 'tags': ['B-BLD', 'I-BLD', 'B-NUM', 'I-NUM', 'B-ALY', 'I-ALY', 'B-STR', 'I-STR', 'I-STR']}"
379/46 Nguyen Hue,"{'tokens': ['379/46', 'Nguyen', 'Hue'], 'tags': ['B-NUM', 'B-STR', 'I-STR']}"
149/24 Mai Chi Tho,"{'tokens': ['149/24', 'Mai', 'Chi', 'Tho'], 'tags': ['B-NUM', 'B-STR', 'I-STR', 'I-STR']}"
Nằm gần Ben xe Mien Tay đường Nguyen Hue,"{'tokens': ['Nằm', 'gần', 'Ben', 'xe', 'Mien', 'Tay', 'đường', 'Nguyen', 'Hue'], 'tags': ['O', 'O', 'B-POI', 'I-POI', 'I-POI', 'I-POI', 'O', 'B-STR', 'I-STR']}"
Khu phố 1 gần Mai Chi Tho,"{'tokens': ['Khu', 'phố', '1', 'gần', 'Mai', 'Chi', 'Tho'], 'tags': ['B-NBH', 'I-NBH', 'I-NBH', 'O', 'B-STR', 'I-STR', 'I-STR']}"
Tổ 2 gần Le Loi,"{'tokens': ['Tổ', '2', 'gần', 'Le', 'Loi'], 'tags': ['B-NBH', 'I-NBH', 'O', 'B-STR', 'I-STR']}"
Landmark 81 Số 42 Ngõ 61 Nguyen Hue,"{'tokens': ['Landmark', '81', 'Số', '42', 'Ngõ', '61', 'Nguyen', 'Hue'], 'tags': ['B-BLD', 'I-BLD', 'B-NUM', 'I-NUM', 'B-ALY', 'I-ALY', 'B-STR', 'I-STR']}"
85/32 Nguyen Hue,"{'tokens': ['85/32', 'Nguyen', 'Hue'], 'tags': ['B-NUM', 'B-STR', 'I-STR']}"
Landmark 81 Số 174 Hẻm 61 Le Loi,"{'tokens': ['Landmark', '81', 'Số', '174', 'Hẻm', '61', 'Le', 'Loi'], 'tags': ['B-BLD', 'I-BLD', 'B-NUM', 'I-NUM', 'B-ALY', 'I-ALY', 'B-STR', 'I-STR']}"
Tổ 20 gần Le Loi,"{'tokens': ['Tổ', '20', 'gần', 'Le', 'Loi'], 'tags': ['B-NBH', 'I-NBH', 'O', 'B-STR', 'I-STR']}"
Đối diện Ben xe Mien Tay đường Mai Chi Tho,"{'tokens': ['Đối', 'diện', 'Ben', 'xe', 'Mien', 'Tay', 'đường', 'Mai', 'Chi', 'Tho'], 'tags': ['O', 'O', 'B-POI', 'I-POI', 'I-POI', 'I-POI', 'O', 'B-STR', 'I-STR', 'I-STR']}"
Thôn 16 gần Mai Chi Tho,"{'tokens': ['Thôn', '16', 'gần', 'Mai', 'Chi', 'Tho'], 'tags': ['B-NBH', 'I-NBH', 'O', 'B-STR', 'I-STR', 'I-STR']}"
Ấp 10 gần Le Loi,"{'tokens': ['Ấp', '10', 'gần', 'Le', 'Loi'], 'tags': ['B-NBH', 'I-NBH', 'O', 'B-STR', 'I-STR']}"
346/41 Nguyen Hue,"{'tokens': ['346/41', 'Nguyen', 'Hue'], 'tags': ['B-NUM', 'B-STR', 'I-STR']}"
273/47 Mai Chi Tho,"{'tokens': ['273/47', 'Mai', 'Chi', 'Tho'], 'tags': ['B-NUM', 'B-STR', 'I-STR', 'I-STR']}"
Kế bên Cho Ben Thanh đường Le Loi,"{'tokens': ['Kế', 'bên', 'Cho', 'Ben', 'Thanh', 'đường', 'Le', 'Loi'], 'tags': ['O', 'O', 'B-POI', 'I-POI', 'I-POI', 'O', 'B-STR', 'I-STR']}"
Khu phố 2 gần Le Loi,"{'tokens': ['Khu', 'phố', '2', 'gần', 'Le', 'Loi'], 'tags': ['B-NBH', 'I-NBH', 'I-NBH', 'O', 'B-STR', 'I-STR']}"
Thôn 18 gần Nguyen Hue,"{'tokens': ['Thôn', '18', 'gần', 'Nguyen', 'Hue'], 'tags': ['B-NBH', 'I-NBH', 'O', 'B-STR', 'I-STR']}"
87/31 Mai Chi Tho,"{'tokens': ['87/31', 'Mai', 'Chi', 'Tho'], 'tags': ['B-NUM', 'B-STR', 'I-STR', 'I-STR']}"
Landmark 81 Số 80 Hẻm 36 Mai Chi Tho,"{'tokens': ['Landmark', '81', 'Số', '80', 'Hẻm', '36', 'Mai', 'Chi', 'Tho'], 'tags': ['B-BLD', 'I-BLD', 'B-NUM', 'I-NUM', 'B-ALY', 'I-ALY', 'B-STR', 'I-STR', 'I-STR']}"
Kế bên Cho Ben Thanh đường Mai Chi Tho,"{'tokens': ['Kế', 'bên', 'Cho', 'Ben', 'Thanh', 'đường', 'Mai', 'Chi', 'Tho'], 'tags': ['O', 'O', 'B-POI', 'I-POI', 'I-POI', 'O', 'B-STR', 'I-STR', 'I-STR']}"
Thôn 9 gần Mai Chi Tho,"{'tokens': ['Thôn', '9', 'gần', 'Mai', 'Chi', 'Tho'], 'tags': ['B-NBH', 'I-NBH', 'O', 'B-STR', 'I-STR', 'I-STR']}"
491/5 Le Loi,"{'tokens': ['491/5', 'Le', 'Loi'], 'tags': ['B-NUM', 'B-STR', 'I-STR']}"
Gần Cho Ben Thanh đường Le Loi,"{'tokens': ['Gần', 'Cho', 'Ben', 'Thanh', 'đường', 'Le', 'Loi'], 'tags': ['O', 'B-POI', 'I-POI', 'I-POI', 'O', 'B-STR', 'I-STR']}"
Tổ 5 gần Nguyen Hue,"{'tokens': ['Tổ', '5', 'gần', 'Nguyen', 'Hue'], 'tags': ['B-NBH', 'I-NBH', 'O', 'B-STR', 'I-STR']}"
Phía sau Ben xe Mien Tay đường Le Loi,"{'tokens': ['Phía', 'sau', 'Ben', 'xe', 'Mien', 'Tay', 'đường', 'Le', 'Loi'], 'tags': ['O', 'O', 'B-POI', 'I-POI', 'I-POI', 'I-POI', 'O', 'B-STR', 'I-STR']}"
339/16 Le Loi,"{'tokens': ['339/16', 'Le', 'Loi'], 'tags': ['B-NUM', 'B-STR', 'I-STR']}"
90/3 Nguyen Hue,"{'tokens': ['90/3', 'Nguyen', 'Hue'], 'tags': ['B-NUM', 'B-STR', 'I-STR']}"
Phía sau Ben xe Mien Tay đường Mai Chi Tho,"{'tokens': ['Phía', 'sau', 'Ben', 'xe', 'Mien', 'Tay', 'đường', 'Mai', 'Chi', 'Tho'], 'tags': ['O', 'O', 'B-POI', 'I-POI', 'I-POI', 'I-POI', 'O', 'B-STR', 'I-STR', 'I-STR']}"
Kế bên Cho Ben Thanh đường Nguyen Hue,"{'tokens': ['Kế', 'bên', 'Cho', 'Ben', 'Thanh', 'đường', 'Nguyen', 'Hue'], 'tags': ['O', 'O', 'B-POI', 'I-POI', 'I-POI', 'O', 'B-STR', 'I-STR']}"
Bitexco Số 173 Ngõ 50 Nguyen Hue,"{'tokens': ['Bitexco', 'Số', '173', 'Ngõ', '50', 'Nguyen', 'Hue'], 'tags': ['B-BLD', 'B-NUM', 'I-NUM', 'B-ALY', 'I-ALY', 'B-STR', 'I-STR']}"
331/40 Nguyen Hue,"{'tokens': ['331/40', 'Nguyen', 'Hue'], 'tags': ['B-NUM', 'B-STR', 'I-STR']}"
127/24 Nguyen Hue,"{'tokens': ['127/24', 'Nguyen', 'Hue'], 'tags': ['B-NUM', 'B-STR', 'I-STR']}"
Bitexco Số 196 Ngõ 58 Mai Chi Tho,"{'tokens': ['Bitexco', 'Số', '196', 'Ngõ', '58', 'Mai', 'Chi', 'Tho'], 'tags': ['B-BLD', 'B-NUM', 'I-NUM', 'B-ALY', 'I-ALY', 'B-STR', 'I-STR', 'I-STR']}"
112/28 Mai Chi Tho,"{'tokens': ['112/28', 'Mai', 'Chi', 'Tho'], 'tags': ['B-NUM', 'B-STR', 'I-STR', 'I-STR']}"
12/45 Le Loi,"{'tokens': ['12/45', 'Le', 'Loi'], 'tags': ['B-NUM', 'B-STR', 'I-STR']}"
Khu phố 6 gần Mai Chi Tho,"{'tokens': ['Khu', 'phố', '6', 'gần', 'Mai', 'Chi', 'Tho'], 'tags': ['B-NBH', 'I-NBH', 'I-NBH', 'O', 'B-STR', 'I-STR', 'I-STR']}"
Tổ 3 gần Nguyen Hue,"{'tokens': ['Tổ', '3', 'gần', 'Nguyen', 'Hue'], 'tags': ['B-NBH', 'I-NBH', 'O', 'B-STR', 'I-STR']}"
Nằm gần Ben xe Mien Tay đường Mai Chi Tho,"{'tokens': ['Nằm', 'gần', 'Ben', 'xe', 'Mien', 'Tay', 'đường', 'Mai', 'Chi', 'Tho'], 'tags': ['O', 'O', 'B-POI', 'I-POI', 'I-POI', 'I-POI', 'O', 'B-STR', 'I-STR', 'I-STR']}"
Nằm gần Ben xe Mien Tay đường Le Loi,"{'tokens': ['Nằm', 'gần', 'Ben', 'xe', 'Mien', 'Tay', 'đường', 'Le', 'Loi'], 'tags': ['O', 'O', 'B-POI', 'I-POI', 'I-POI', 'I-POI', 'O', 'B-STR', 'I-STR']}"
Khu phố 19 gần Le Loi,"{'tokens': ['Khu', 'phố', '19', 'gần', 'Le', 'Loi'], 'tags': ['B-NBH', 'I-NBH', 'I-NBH', 'O', 'B-STR', 'I-STR']}"
432/7 Le Loi,"{'tokens': ['432/7', 'Le', 'Loi'], 'tags': ['B-NUM', 'B-STR', 'I-STR']}"
Nằm gần Ben xe Mien Tay đường Mai Chi Tho,"{'tokens': ['Nằm', 'gần', 'Ben', 'xe', 'Mien', 'Tay', 'đường', 'Mai', 'Chi', 'Tho'], 'tags': ['O', 'O', 'B-POI', 'I-POI', 'I-POI', 'I-POI', 'O', 'B-STR', 'I-STR', 'I-STR']}"
Xóm 17 gần Nguyen Hue,"{'tokens': ['Xóm', '17', 'gần', 'Nguyen', 'Hue'], 'tags': ['B-NBH', 'I-NBH', 'O', 'B-STR', 'I-STR']}"
117/38 Nguyen Hue,"{'tokens': ['117/38', 'Nguyen', 'Hue'], 'tags': ['B-NUM', 'B-STR', 'I-STR']}"
Tổ 14 gần Nguyen Hue,"{'tokens': ['Tổ', '14', 'gần', 'Nguyen', 'Hue'], 'tags': ['B-NBH', 'I-NBH', 'O', 'B-STR', 'I-STR']}"
Bitexco Số 192 Ngõ 45 Le Loi,"{'tokens': ['Bitexco', 'Số', '192', 'Ngõ', '45', 'Le', 'Loi'], 'tags': ['B-BLD', 'B-NUM', 'I-NUM', 'B-ALY', 'I-ALY', 'B-STR', 'I-STR']}"
Ấp 3 gần Nguyen Hue,"{'tokens': ['Ấp', '3', 'gần', 'Nguyen', 'Hue'], 'tags': ['B-NBH', 'I-NBH', 'O', 'B-STR', 'I-STR']}"
Tổ 10 gần Nguyen Hue,"{'tokens': ['Tổ', '10', 'gần', 'Nguyen', 'Hue'], 'tags': ['B-NBH', 'I-NBH', 'O', 'B-STR', 'I-STR']}"
Gần Ben xe Mien Tay đường Le Loi,"{'tokens': ['Gần', 'Ben', 'xe', 'Mien', 'Tay', 'đường', 'Le', 'Loi'], 'tags': ['O', 'B-POI', 'I-POI', 'I-POI', 'I-POI', 'O', 'B-STR', 'I-STR']}"
374/46 Nguyen Hue,"{'tokens': ['374/46', 'Nguyen', 'Hue'], 'tags': ['B-NUM', 'B-STR', 'I-STR']}"
Cạnh Cho Ben Thanh đường Le Loi,"{'tokens': ['Cạnh', 'Cho', 'Ben', 'Thanh', 'đường', 'Le', 'Loi'], 'tags': ['O', 'B-POI', 'I-POI', 'I-POI', 'O', 'B-STR', 'I-STR']}"
Bitexco Số 18 Ngõ 98 Nguyen Hue,"{'tokens': ['Bitexco', 'Số', '18', 'Ngõ', '98', 'Nguyen', 'Hue'], 'tags': ['B-BLD', 'B-NUM', 'I-NUM', 'B-ALY', 'I-ALY', 'B-STR', 'I-STR']}"
59/33 Nguyen Hue,"{'tokens': ['59/33', 'Nguyen', 'Hue'], 'tags': ['B-NUM', 'B-STR', 'I-STR']}"
Bitexco Số 144 Ngõ 42 Nguyen Hue,"{'tokens': ['Bitexco', 'Số', '144', 'Ngõ', '42', 'Nguyen', 'Hue'], 'tags': ['B-BLD', 'B-NUM', 'I-NUM', 'B-ALY', 'I-ALY', 'B-STR', 'I-STR']}"
303/29 Le Loi,"{'tokens': ['303/29', 'Le', 'Loi'], 'tags': ['B-NUM', 'B-STR', 'I-STR']}"
Kế bên Ben xe Mien Tay đường Le Loi,"{'tokens': ['Kế', 'bên', 'Ben', 'xe', 'Mien', 'Tay', 'đường', 'Le', 'Loi'], 'tags': ['O', 'O', 'B-POI', 'I-POI', 'I-POI', 'I-POI', 'O', 'B-STR', 'I-STR']}"
Xóm 3 gần Le Loi,"{'tokens': ['Xóm', '3', 'gần', 'Le', 'Loi'], 'tags': ['B-NBH', 'I-NBH', 'O', 'B-STR', 'I-STR']}"
Ấp 19 gần Nguyen Hue,"{'tokens': ['Ấp', '19', 'gần', 'Nguyen', 'Hue'], 'tags': ['B-NBH', 'I-NBH', 'O', 'B-STR', 'I-STR']}"
58/9 Nguyen Hue,"{'tokens': ['58/9', 'Nguyen', 'Hue'], 'tags': ['B-NUM', 'B-STR', 'I-STR']}"
Landmark 81 Số 180 Ngõ 58 Le Loi,"{'tokens': ['Landmark', '81', 'Số', '180', 'Ngõ', '58', 'Le', 'Loi'], 'tags': ['B-BLD', 'I-BLD', 'B-NUM', 'I-NUM', 'B-ALY', 'I-ALY', 'B-STR', 'I-STR']}"
Ấp 14 gần Mai Chi Tho,"{'tokens': ['Ấp', '14', 'gần', 'Mai', 'Chi', 'Tho'], 'tags': ['B-NBH', 'I-NBH', 'O', 'B-STR', 'I-STR', 'I-STR']}"
Bitexco Số 168 Kiệt 71 Nguyen Hue,"{'tokens': ['Bitexco', 'Số', '168', 'Kiệt', '71', 'Nguyen', 'Hue'], 'tags': ['B-BLD', 'B-NUM', 'I-NUM', 'B-ALY', 'I-ALY', 'B-STR', 'I-STR']}"
Gần Cho Ben Thanh đường Nguyen Hue,"{'tokens': ['Gần', 'Cho', 'Ben', 'Thanh', 'đường', 'Nguyen', 'Hue'], 'tags': ['O', 'B-POI', 'I-POI', 'I-POI', 'O', 'B-STR', 'I-STR']}"
Landmark 81 Số 68 Kiệt 52 Le Loi,"{'tokens': ['Landmark', '81', 'Số', '68', 'Kiệt', '52', 'Le', 'Loi'], 'tags': ['B-BLD', 'I-BLD', 'B-NUM', 'I-NUM', 'B-ALY', 'I-ALY', 'B-STR', 'I-STR']}"
Đối diện Ben xe Mien Tay đường Nguyen Hue,"{'tokens': ['Đối', 'diện', 'Ben', 'xe', 'Mien', 'Tay', 'đường', 'Nguyen', 'Hue'], 'tags': ['O', 'O', 'B-POI', 'I-POI', 'I-POI', 'I-POI', 'O', 'B-STR', 'I-STR']}"
Bitexco Số 128 Kiệt 83 Le Loi,"{'tokens': ['Bitexco', 'Số', '128', 'Kiệt', '83', 'Le', 'Loi'], 'tags': ['B-BLD', 'B-NUM', 'I-NUM', 'B-ALY', 'I-ALY', 'B-STR', 'I-STR']}"
435/31 Mai Chi Tho,"{'tokens': ['435/31', 'Mai', 'Chi', 'Tho'], 'tags': ['B-NUM', 'B-STR', 'I-STR', 'I-STR']}"
54/24 Le Loi,"{'tokens': ['54/24', 'Le', 'Loi'], 'tags': ['B-NUM', 'B-STR', 'I-STR']}"
Bitexco Số 192 Kiệt 71 Mai Chi Tho,"{'tokens': ['Bitexco', 'Số', '192', 'Kiệt', '71', 'Mai', 'Chi', 'Tho'], 'tags': ['B-BLD', 'B-NUM', 'I-NUM', 'B-ALY', 'I-ALY', 'B-STR', 'I-STR', 'I-STR']}"
201/25 Nguyen Hue,"{'tokens': ['201/25', 'Nguyen', 'Hue'], 'tags': ['B-NUM', 'B-STR', 'I-STR']}"
Bitexco Số 56 Ngõ 26 Mai Chi Tho,"{'tokens': ['Bitexco', 'Số', '56', 'Ngõ', '26', 'Mai', 'Chi', 'Tho'], 'tags': ['B-BLD', 'B-NUM', 'I-NUM', 'B-ALY', 'I-ALY', 'B-STR', 'I-STR', 'I-STR']}"
Gần Cho Ben Thanh đường Le Loi,"{'tokens': ['Gần', 'Cho', 'Ben', 'Thanh', 'đường', 'Le', 'Loi'], 'tags': ['O', 'B-POI', 'I-POI', 'I-POI', 'O', 'B-STR', 'I-STR']}"
Đối diện Cho Ben Thanh đường Nguyen Hue,"{'tokens': ['Đối', 'diện', 'Cho', 'Ben', 'Thanh', 'đường', 'Nguyen', 'Hue'], 'tags': ['O', 'O', 'B-POI', 'I-POI', 'I-POI', 'O', 'B-STR', 'I-STR']}"
Khu phố 2 gần Le Loi,"{'tokens': ['Khu', 'phố', '2', 'gần', 'Le', 'Loi'], 'tags': ['B-NBH', 'I-NBH', 'I-NBH', 'O', 'B-STR', 'I-STR']}"
Cạnh Cho Ben Thanh đường Le Loi,"{'tokens': ['Cạnh', 'Cho', 'Ben', 'Thanh', 'đường', 'Le', 'Loi'], 'tags': ['O', 'B-POI', 'I-POI', 'I-POI', 'O', 'B-STR', 'I-STR']}"
Bitexco Số 122 Ngõ 48 Mai Chi Tho,"{'tokens': ['Bitexco', 'Số', '122', 'Ngõ', '48', 'Mai', 'Chi', 'Tho'], 'tags': ['B-BLD', 'B-NUM', 'I-NUM', 'B-ALY', 'I-ALY', 'B-STR', 'I-STR', 'I-STR']}"
Tổ 16 gần Le Loi,"{'tokens': ['Tổ', '16', 'gần', 'Le', 'Loi'], 'tags': ['B-NBH', 'I-NBH', 'O', 'B-STR', 'I-STR']}"
Gần Ben xe Mien Tay đường Mai Chi Tho,"{'tokens': ['Gần', 'Ben', 'xe', 'Mien', 'Tay', 'đường', 'Mai', 'Chi', 'Tho'], 'tags': ['O', 'B-POI', 'I-POI', 'I-POI', 'I-POI', 'O', 'B-STR', 'I-STR', 'I-STR']}"
7/11 Le Loi,"{'tokens': ['7/11', 'Le', 'Loi'], 'tags': ['B-NUM', 'B-STR', 'I-STR']}"
Phía sau Cho Ben Thanh đường Nguyen Hue,"{'tokens': ['Phía', 'sau', 'Cho', 'Ben', 'Thanh', 'đường', 'Nguyen', 'Hue'], 'tags': ['O', 'O', 'B-POI', 'I-POI', 'I-POI', 'O', 'B-STR', 'I-STR']}"
Kế bên Ben xe Mien Tay đường Mai Chi Tho,"{'tokens': ['Kế', 'bên', 'Ben', 'xe', 'Mien', 'Tay', 'đường', 'Mai', 'Chi', 'Tho'], 'tags': ['O', 'O', 'B-POI', 'I-POI', 'I-POI', 'I-POI', 'O', 'B-STR', 'I-STR', 'I-STR']}"
Khu phố 18 gần Le Loi,"{'tokens': ['Khu', 'phố', '18', 'gần', 'Le', 'Loi'], 'tags': ['B-NBH', 'I-NBH', 'I-NBH', 'O', 'B-STR', 'I-STR']}"
Xóm 1 gần Nguyen Hue,"{'tokens': ['Xóm', '1', 'gần', 'Nguyen', 'Hue'], 'tags': ['B-NBH', 'I-NBH', 'O', 'B-STR', 'I-STR']}"
Phía sau Cho Ben Thanh đường Le Loi,"{'tokens': ['Phía', 'sau', 'Cho', 'Ben', 'Thanh', 'đường', 'Le', 'Loi'], 'tags': ['O', 'O', 'B-POI', 'I-POI', 'I-POI', 'O', 'B-STR', 'I-STR']}"
Kế bên Cho Ben Thanh đường Mai Chi Tho,"{'tokens': ['Kế', 'bên', 'Cho', 'Ben', 'Thanh', 'đường', 'Mai', 'Chi', 'Tho'], 'tags': ['O', 'O', 'B-POI', 'I-POI', 'I-POI', 'O', 'B-STR', 'I-STR', 'I-STR']}"
Cạnh Ben xe Mien Tay đường Nguyen Hue,"{'tokens': ['Cạnh', 'Ben', 'xe', 'Mien', 'Tay', 'đường', 'Nguyen', 'Hue'], 'tags': ['O', 'B-POI', 'I-POI', 'I-POI', 'I-POI', 'O', 'B-STR', 'I-STR']}"
Landmark 81 Số 193 Hẻm 62 Nguyen Hue,"{'tokens': ['Landmark', '81', 'Số', '193', 'Hẻm', '62', 'Nguyen', 'Hue'], 'tags': ['B-BLD', 'I-BLD', 'B-NUM', 'I-NUM', 'B-ALY', 'I-ALY', 'B-STR', 'I-STR']}"
363/14 Mai Chi Tho,"{'tokens': ['363/14', 'Mai', 'Chi', 'Tho'], 'tags': ['B-NUM', 'B-STR', 'I-STR', 'I-STR']}"
Phía sau Ben xe Mien Tay đường Le Loi,"{'tokens': ['Phía', 'sau', 'Ben', 'xe', 'Mien', 'Tay', 'đường', 'Le', 'Loi'], 'tags': ['O', 'O', 'B-POI', 'I-POI', 'I-POI', 'I-POI', 'O', 'B-STR', 'I-STR']}"
Bitexco Số 24 Kiệt 83 Nguyen Hue,"{'tokens': ['Bitexco', 'Số', '24', 'Kiệt', '83', 'Nguyen', 'Hue'], 'tags': ['B-BLD', 'B-NUM', 'I-NUM', 'B-ALY', 'I-ALY', 'B-STR', 'I-STR']}"
Landmark 81 Số 138 Kiệt 63 Mai Chi Tho,"{'tokens': ['Landmark', '81', 'Số', '138', 'Kiệt', '63', 'Mai', 'Chi', 'Tho'], 'tags': ['B-BLD', 'I-BLD', 'B-NUM', 'I-NUM', 'B-ALY', 'I-ALY', 'B-STR', 'I-STR', 'I-STR']}"
33/43 Nguyen Hue,"{'tokens': ['33/43', 'Nguyen', 'Hue'], 'tags': ['B-NUM', 'B-STR', 'I-STR']}"
Nằm gần Ben xe Mien Tay đường Mai Chi Tho,"{'tokens': ['Nằm', 'gần', 'Ben', 'xe', 'Mien', 'Tay', 'đường', 'Mai', 'Chi', 'Tho'], 'tags': ['O', 'O', 'B-POI', 'I-POI', 'I-POI', 'I-POI', 'O', 'B-STR', 'I-STR', 'I-STR']}"
Cạnh Ben xe Mien Tay đường Le Loi,"{'tokens': ['Cạnh', 'Ben', 'xe', 'Mien', 'Tay', 'đường', 'Le', 'Loi'], 'tags': ['O', 'B-POI', 'I-POI', 'I-POI', 'I-POI', 'O', 'B-STR', 'I-STR']}"
Gần Cho Ben Thanh đường Le Loi,"{'tokens': ['Gần', 'Cho', 'Ben', 'Thanh', 'đường', 'Le', 'Loi'], 'tags': ['O', 'B-POI', 'I-POI', 'I-POI', 'O', 'B-STR', 'I-STR']}"
Ấp 5 gần Nguyen Hue,"{'tokens': ['Ấp', '5', 'gần', 'Nguyen', 'Hue'], 'tags': ['B-NBH', 'I-NBH', 'O', 'B-STR', 'I-STR']}"
Khu phố 11 gần Nguyen Hue,"{'tokens': ['Khu', 'phố', '11', 'gần', 'Nguyen', 'Hue'], 'tags': ['B-NBH', 'I-NBH', 'I-NBH', 'O', 'B-STR', 'I-STR']}"
Đối diện Ben xe Mien Tay đường Mai Chi Tho,"{'tokens': ['Đối', 'diện', 'Ben', 'xe', 'Mien', 'Tay', 'đường', 'Mai', 'Chi', 'Tho'], 'tags': ['O', 'O', 'B-POI', 'I-POI', 'I-POI', 'I-POI', 'O', 'B-STR', 'I-STR', 'I-STR']}"
Thôn 5 gần Mai Chi Tho,"{'tokens': ['Thôn', '5', 'gần', 'Mai', 'Chi', 'Tho'], 'tags': ['B-NBH', 'I-NBH', 'O', 'B-STR', 'I-STR', 'I-STR']}"
409/43 Mai Chi Tho,"{'tokens': ['409/43', 'Mai', 'Chi', 'Tho'], 'tags': ['B-NUM', 'B-STR', 'I-STR', 'I-STR']}"
Bitexco Số 10 Hẻm 82 Le Loi,"{'tokens': ['Bitexco', 'Số', '10', 'Hẻm', '82', 'Le', 'Loi'], 'tags': ['B-BLD', 'B-NUM', 'I-NUM', 'B-ALY', 'I-ALY', 'B-STR', 'I-STR']}"
Tổ 15 gần Le Loi,"{'tokens': ['Tổ', '15', 'gần', 'Le', 'Loi'], 'tags': ['B-NBH', 'I-NBH', 'O', 'B-STR', 'I-STR']}"
359/11 Le Loi,"{'tokens': ['359/11', 'Le', 'Loi'], 'tags': ['B-NUM', 'B-STR', 'I-STR']}"
122/47 Nguyen Hue,"{'tokens': ['122/47', 'Nguyen', 'Hue'], 'tags': ['B-NUM', 'B-STR', 'I-STR']}"
Gần Cho Ben Thanh đường Nguyen Hue,"{'tokens': ['Gần', 'Cho', 'Ben', 'Thanh', 'đường', 'Nguyen', 'Hue'], 'tags': ['O', 'B-POI', 'I-POI', 'I-POI', 'O', 'B-STR', 'I-STR']}"
Thôn 4 gần Nguyen Hue,"{'tokens': ['Thôn', '4', 'gần', 'Nguyen', 'Hue'], 'tags': ['B-NBH', 'I-NBH', 'O', 'B-STR', 'I-STR']}"
Bitexco Số 148 Ngõ 46 Le Loi,"{'tokens': ['Bitexco', 'Số', '148', 'Ngõ', '46', 'Le', 'Loi'], 'tags': ['B-BLD', 'B-NUM', 'I-NUM', 'B-ALY', 'I-ALY', 'B-STR', 'I-STR']}"
Phía sau Cho Ben Thanh đường Mai Chi Tho,"{'tokens': ['Phía', 'sau', 'Cho', 'Ben', 'Thanh', 'đường', 'Mai', 'Chi', 'Tho'], 'tags': ['O', 'O', 'B-POI', 'I-POI', 'I-POI', 'O', 'B-STR', 'I-STR', 'I-STR']}"
Thôn 1 gần Le Loi,"{'tokens': ['Thôn', '1', 'gần', 'Le', 'Loi'], 'tags': ['B-NBH', 'I-NBH', 'O', 'B-STR', 'I-STR']}"
Khu phố 19 gần Nguyen Hue,"{'tokens': ['Khu', 'phố', '19', 'gần', 'Nguyen', 'Hue'], 'tags': ['B-NBH', 'I-NBH', 'I-NBH', 'O', 'B-STR', 'I-STR']}"
Landmark 81 Số 174 Kiệt 92 Le Loi,"{'tokens': ['Landmark', '81', 'Số', '174', 'Kiệt', '92', 'Le', 'Loi'], 'tags': ['B-BLD', 'I-BLD', 'B-NUM', 'I-NUM', 'B-ALY', 'I-ALY', 'B-STR', 'I-STR']}"
Xóm 13 gần Le Loi,"{'tokens': ['Xóm', '13', 'gần', 'Le', 'Loi'], 'tags': ['B-NBH', 'I-NBH', 'O', 'B-STR', 'I-STR']}"
Tổ 15 gần Nguyen Hue,"{'tokens': ['Tổ', '15', 'gần', 'Nguyen', 'Hue'], 'tags': ['B-NBH', 'I-NBH', 'O', 'B-STR', 'I-STR']}"
Thôn 2 gần Nguyen Hue,"{'tokens': ['Thôn', '2', 'gần', 'Nguyen', 'Hue'], 'tags': ['B-NBH', 'I-NBH', 'O', 'B-STR', 'I-STR']}"
Phía sau Ben xe Mien Tay đường Nguyen Hue,"{'tokens': ['Phía', 'sau', 'Ben', 'xe', 'Mien', 'Tay', 'đường', 'Nguyen', 'Hue'], 'tags': ['O', 'O', 'B-POI', 'I-POI', 'I-POI', 'I-POI', 'O', 'B-STR', 'I-STR']}"
Thôn 11 gần Mai Chi Tho,"{'tokens': ['Thôn', '11', 'gần', 'Mai', 'Chi', 'Tho'], 'tags': ['B-NBH', 'I-NBH', 'O', 'B-STR', 'I-STR', 'I-STR']}"
Gần Cho Ben Thanh đường Le Loi,"{'tokens': ['Gần', 'Cho', 'Ben', 'Thanh', 'đường', 'Le', 'Loi'], 'tags': ['O', 'B-POI', 'I-POI', 'I-POI', 'O', 'B-STR', 'I-STR']}"
Tổ 5 gần Le Loi,"{'tokens': ['Tổ', '5', 'gần', 'Le', 'Loi'], 'tags': ['B-NBH', 'I-NBH', 'O', 'B-STR', 'I-STR']}"
Thôn 14 gần Le Loi,"{'tokens': ['Thôn', '14', 'gần', 'Le', 'Loi'], 'tags': ['B-NBH', 'I-NBH', 'O', 'B-STR', 'I-STR']}"
Khu phố 20 gần Nguyen Hue,"{'tokens': ['Khu', 'phố', '20', 'gần', 'Nguyen', 'Hue'], 'tags': ['B-NBH', 'I-NBH', 'I-NBH', 'O', 'B-STR', 'I-STR']}"
Khu phố 15 gần Nguyen Hue,"{'tokens': ['Khu', 'phố', '15', 'gần', 'Nguyen', 'Hue'], 'tags': ['B-NBH', 'I-NBH', 'I-NBH', 'O', 'B-STR', 'I-STR']}"
Cạnh Ben xe Mien Tay đường Le Loi,"{'tokens': ['Cạnh', 'Ben', 'xe', 'Mien', 'Tay', 'đường', 'Le', 'Loi'], 'tags': ['O', 'B-POI', 'I-POI', 'I-POI', 'I-POI', 'O', 'B-STR', 'I-STR']}"
Cạnh Ben xe Mien Tay đường Le Loi,"{'tokens': ['Cạnh', 'Ben', 'xe', 'Mien', 'Tay', 'đường', 'Le', 'Loi'], 'tags': ['O', 'B-POI', 'I-POI', 'I-POI', 'I-POI', 'O', 'B-STR', 'I-STR']}"
147/4 Nguyen Hue,"{'tokens': ['147/4', 'Nguyen', 'Hue'], 'tags': ['B-NUM', 'B-STR', 'I-STR']}"
Landmark 81 Số 188 Ngõ 9 Mai Chi Tho,"{'tokens': ['Landmark', '81', 'Số', '188', 'Ngõ', '9', 'Mai', 'Chi', 'Tho'], 'tags': ['B-BLD', 'I-BLD', 'B-NUM', 'I-NUM', 'B-ALY', 'I-ALY', 'B-STR', 'I-STR', 'I-STR']}"
Thôn 9 gần Le Loi,"{'tokens': ['Thôn', '9', 'gần', 'Le', 'Loi'], 'tags': ['B-NBH', 'I-NBH', 'O', 'B-STR', 'I-STR']}"
Cạnh Ben xe Mien Tay đường Mai Chi Tho,"{'tokens': ['Cạnh', 'Ben', 'xe', 'Mien', 'Tay', 'đường', 'Mai', 'Chi', 'Tho'], 'tags': ['O', 'B-POI', 'I-POI', 'I-POI', 'I-POI', 'O', 'B-STR', 'I-STR', 'I-STR']}"
Đối diện Cho Ben Thanh đường Le Loi,"{'tokens': ['Đối', 'diện', 'Cho', 'Ben', 'Thanh', 'đường', 'Le', 'Loi'], 'tags': ['O', 'O', 'B-POI', 'I-POI', 'I-POI', 'O', 'B-STR', 'I-STR']}"
Tổ 16 gần Le Loi,"{'tokens': ['Tổ', '16', 'gần', 'Le', 'Loi'], 'tags': ['B-NBH', 'I-NBH', 'O', 'B-STR', 'I-STR']}"
Landmark 81 Số 178 Kiệt 38 Mai Chi Tho,"{'tokens': ['Landmark', '81', 'Số', '178', 'Kiệt', '38', 'Mai', 'Chi', 'Tho'], 'tags': ['B-BLD', 'I-BLD', 'B-NUM', 'I-NUM', 'B-ALY', 'I-ALY', 'B-STR', 'I-STR', 'I-STR']}"
Nằm gần Ben xe Mien Tay đường Nguyen Hue,"{'tokens': ['Nằm', 'gần', 'Ben', 'xe', 'Mien', 'Tay', 'đường', 'Nguyen', 'Hue'], 'tags': ['O', 'O', 'B-POI', 'I-POI', 'I-POI', 'I-POI', 'O', 'B-STR', 'I-STR']}"
Thôn 18 gần Le Loi,"{'tokens': ['Thôn', '18', 'gần', 'Le', 'Loi'], 'tags': ['B-NBH', 'I-NBH', 'O', 'B-STR', 'I-STR']}"
Tổ 14 gần Mai Chi Tho,"{'tokens': ['Tổ', '14', 'gần', 'Mai', 'Chi', 'Tho'], 'tags': ['B-NBH', 'I-NBH', 'O', 'B-STR', 'I-STR', 'I-STR']}"
Cạnh Ben xe Mien Tay đường Le Loi,"{'tokens': ['Cạnh', 'Ben', 'xe', 'Mien', 'Tay', 'đường', 'Le', 'Loi'], 'tags': ['O', 'B-POI', 'I-POI', 'I-POI', 'I-POI', 'O', 'B-STR', 'I-STR']}"
Gần Cho Ben Thanh đường Nguyen Hue,"{'tokens': ['Gần', 'Cho', 'Ben', 'Thanh', 'đường', 'Nguyen', 'Hue'], 'tags': ['O', 'B-POI', 'I-POI', 'I-POI', 'O', 'B-STR', 'I-STR']}"
408/41 Nguyen Hue,"{'tokens': ['408/41', 'Nguyen', 'Hue'], 'tags': ['B-NUM', 'B-STR', 'I-STR']}"
Cạnh Cho Ben Thanh đường Mai Chi Tho,"{'tokens': ['Cạnh', 'Cho', 'Ben', 'Thanh', 'đường', 'Mai', 'Chi', 'Tho'], 'tags': ['O', 'B-POI', 'I-POI', 'I-POI', 'O', 'B-STR', 'I-STR', 'I-STR']}"
Đối diện Cho Ben Thanh đường Mai Chi Tho,"{'tokens': ['Đối', 'diện', 'Cho', 'Ben', 'Thanh', 'đường', 'Mai', 'Chi', 'Tho'], 'tags': ['O', 'O', 'B-POI', 'I-POI', 'I-POI', 'O', 'B-STR', 'I-STR', 'I-STR']}"
Landmark 81 Số 19 Kiệt 57 Nguyen Hue,"{'tokens': ['Landmark', '81', 'Số', '19', 'Kiệt', '57', 'Nguyen', 'Hue'], 'tags': ['B-BLD', 'I-BLD', 'B-NUM', 'I-NUM', 'B-ALY', 'I-ALY', 'B-STR', 'I-STR']}"
Landmark 81 Số 157 Kiệt 38 Le Loi,"{'tokens': ['Landmark', '81', 'Số', '157', 'Kiệt', '38', 'Le', 'Loi'], 'tags': ['B-BLD', 'I-BLD', 'B-NUM', 'I-NUM', 'B-ALY', 'I-ALY', 'B-STR', 'I-STR']}"
Thôn 17 gần Le Loi,"{'tokens': ['Thôn', '17', 'gần', 'Le', 'Loi'], 'tags': ['B-NBH', 'I-NBH', 'O', 'B-STR', 'I-STR']}"
Tổ 12 gần Mai Chi Tho,"{'tokens': ['Tổ', '12', 'gần', 'Mai', 'Chi', 'Tho'], 'tags': ['B-NBH', 'I-NBH', 'O', 'B-STR', 'I-STR', 'I-STR']}"
Xóm 6 gần Mai Chi Tho,"{'tokens': ['Xóm', '6', 'gần', 'Mai', 'Chi', 'Tho'], 'tags': ['B-NBH', 'I-NBH', 'O', 'B-STR', 'I-STR', 'I-STR']}"
Bitexco Số 40 Hẻm 69 Nguyen Hue,"{'tokens': ['Bitexco', 'Số', '40', 'Hẻm', '69', 'Nguyen', 'Hue'], 'tags': ['B-BLD', 'B-NUM', 'I-NUM', 'B-ALY', 'I-ALY', 'B-STR', 'I-STR']}"
Nằm gần Ben xe Mien Tay đường Le Loi,"{'tokens': ['Nằm', 'gần', 'Ben', 'xe', 'Mien', 'Tay', 'đường', 'Le', 'Loi'], 'tags': ['O', 'O', 'B-POI', 'I-POI', 'I-POI', 'I-POI', 'O', 'B-STR', 'I-STR']}"
110/4 Mai Chi Tho,"{'tokens': ['110/4', 'Mai', 'Chi', 'Tho'], 'tags': ['B-NUM', 'B-STR', 'I-STR', 'I-STR']}"
493/16 Le Loi,"{'tokens': ['493/16', 'Le', 'Loi'], 'tags': ['B-NUM', 'B-STR', 'I-STR']}"
166/50 Le Loi,"{'tokens': ['166/50', 'Le', 'Loi'], 'tags': ['B-NUM', 'B-STR', 'I-STR']}"
Xóm 13 gần Le Loi,"{'tokens': ['Xóm', '13', 'gần', 'Le', 'Loi'], 'tags': ['B-NBH', 'I-NBH', 'O', 'B-STR', 'I-STR']}"
Khu phố 18 gần Mai Chi Tho,"{'tokens': ['Khu', 'phố', '18', 'gần', 'Mai', 'Chi', 'Tho'], 'tags': ['B-NBH', 'I-NBH', 'I-NBH', 'O', 'B-STR', 'I-STR', 'I-STR']}"
283/48 Le Loi,"{'tokens': ['283/48', 'Le', 'Loi'], 'tags': ['B-NUM', 'B-STR', 'I-STR']}"
Khu phố 13 gần Mai Chi Tho,"{'tokens': ['Khu', 'phố', '13', 'gần', 'Mai', 'Chi', 'Tho'], 'tags': ['B-NBH', 'I-NBH', 'I-NBH', 'O', 'B-STR', 'I-STR', 'I-STR']}"
Bitexco Số 29 Ngõ 4 Mai Chi Tho,"{'tokens': ['Bitexco', 'Số', '29', 'Ngõ', '4', 'Mai', 'Chi', 'Tho'], 'tags': ['B-BLD', 'B-NUM', 'I-NUM', 'B-ALY', 'I-ALY', 'B-STR', 'I-STR', 'I-STR']}"
310/39 Nguyen Hue,"{'tokens': ['310/39', 'Nguyen', 'Hue'], 'tags': ['B-NUM', 'B-STR', 'I-STR']}"
Khu phố 4 gần Mai Chi Tho,"{'tokens': ['Khu', 'phố', '4', 'gần', 'Mai', 'Chi', 'Tho'], 'tags': ['B-NBH', 'I-NBH', 'I-NBH', 'O', 'B-STR', 'I-STR', 'I-STR']}"
Gần Ben xe Mien Tay đường Le Loi,"{'tokens': ['Gần', 'Ben', 'xe', 'Mien', 'Tay', 'đường', 'Le', 'Loi'], 'tags': ['O', 'B-POI', 'I-POI', 'I-POI', 'I-POI', 'O', 'B-STR', 'I-STR']}"
Nằm gần Ben xe Mien Tay đường Nguyen Hue,"{'tokens': ['Nằm', 'gần', 'Ben', 'xe', 'Mien', 'Tay', 'đường', 'Nguyen', 'Hue'], 'tags': ['O', 'O', 'B-POI', 'I-POI', 'I-POI', 'I-POI', 'O', 'B-STR', 'I-STR']}"
15/22 Mai Chi Tho,"{'tokens': ['15/22', 'Mai', 'Chi', 'Tho'], 'tags': ['B-NUM', 'B-STR', 'I-STR', 'I-STR']}"
Gần Ben xe Mien Tay đường Mai Chi Tho,"{'tokens': ['Gần', 'Ben', 'xe', 'Mien', 'Tay', 'đường', 'Mai', 'Chi', 'Tho'], 'tags': ['O', 'B-POI', 'I-POI', 'I-POI', 'I-POI', 'O', 'B-STR', 'I-STR', 'I-STR']}"
Kế bên Cho Ben Thanh đường Nguyen Hue,"{'tokens': ['Kế', 'bên', 'Cho', 'Ben', 'Thanh', 'đường', 'Nguyen', 'Hue'], 'tags': ['O', 'O', 'B-POI', 'I-POI', 'I-POI', 'O', 'B-STR', 'I-STR']}"
308/24 Le Loi,"{'tokens': ['308/24', 'Le', 'Loi'], 'tags': ['B-NUM', 'B-STR', 'I-STR']}"
Cạnh Cho Ben Thanh đường Le Loi,"{'tokens': ['Cạnh', 'Cho', 'Ben', 'Thanh', 'đường', 'Le', 'Loi'], 'tags': ['O', 'B-POI', 'I-POI', 'I-POI', 'O', 'B-STR', 'I-STR']}"
Bitexco Số 191 Kiệt 52 Nguyen Hue,"{'tokens': ['Bitexco', 'Số', '191', 'Kiệt', '52', 'Nguyen', 'Hue'], 'tags': ['B-BLD', 'B-NUM', 'I-NUM', 'B-ALY', 'I-ALY', 'B-STR', 'I-STR']}"
Bitexco Số 34 Ngõ 61 Nguyen Hue,"{'tokens': ['Bitexco', 'Số', '34', 'Ngõ', '61', 'Nguyen', 'Hue'], 'tags': ['B-BLD', 'B-NUM', 'I-NUM', 'B-ALY', 'I-ALY', 'B-STR', 'I-STR']}"
Bitexco Số 72 Ngõ 6 Le Loi,"{'tokens': ['Bitexco', 'Số', '72', 'Ngõ', '6', 'Le', 'Loi'], 'tags': ['B-BLD', 'B-NUM', 'I-NUM', 'B-ALY', 'I-ALY', 'B-STR', 'I-STR']}"
281/28 Mai Chi Tho,"{'tokens': ['281/28', 'Mai', 'Chi', 'Tho'], 'tags': ['B-NUM', 'B-STR', 'I-STR', 'I-STR']}"
Bitexco Số 21 Kiệt 87 Nguyen Hue,"{'tokens': ['Bitexco', 'Số', '21', 'Kiệt', '87', 'Nguyen', 'Hue'], 'tags': ['B-BLD', 'B-NUM', 'I-NUM', 'B-ALY', 'I-ALY', 'B-STR', 'I-STR']}"
301/4 Le Loi,"{'tokens': ['301/4', 'Le', 'Loi'], 'tags': ['B-NUM', 'B-STR', 'I-STR']}"
253/43 Nguyen Hue,"{'tokens': ['253/43', 'Nguyen', 'Hue'], 'tags': ['B-NUM', 'B-STR', 'I-STR']}"
Phía sau Cho Ben Thanh đường Mai Chi Tho,"{'tokens': ['Phía', 'sau', 'Cho', 'Ben', 'Thanh', 'đường', 'Mai', 'Chi', 'Tho'], 'tags': ['O', 'O', 'B-POI', 'I-POI', 'I-POI', 'O', 'B-STR', 'I-STR', 'I-STR']}"
Kế bên Ben xe Mien Tay đường Mai Chi Tho,"{'tokens': ['Kế', 'bên', 'Ben', 'xe', 'Mien', 'Tay', 'đường', 'Mai', 'Chi', 'Tho'], 'tags': ['O', 'O', 'B-POI', 'I-POI', 'I-POI', 'I-POI', 'O', 'B-STR', 'I-STR', 'I-STR']}"
Cạnh Cho Ben Thanh đường Nguyen Hue,"{'tokens': ['Cạnh', 'Cho', 'Ben', 'Thanh', 'đường', 'Nguyen', 'Hue'], 'tags': ['O', 'B-POI', 'I-POI', 'I-POI', 'O', 'B-STR', 'I-STR']}"
Đối diện Ben xe Mien Tay đường Nguyen Hue,"{'tokens': ['Đối', 'diện', 'Ben', 'xe', 'Mien', 'Tay', 'đường', 'Nguyen', 'Hue'], 'tags': ['O', 'O', 'B-POI', 'I-POI', 'I-POI', 'I-POI', 'O', 'B-STR', 'I-STR']}"
Landmark 81 Số 28 Kiệt 47 Le Loi,"{'tokens': ['Landmark', '81', 'Số', '28', 'Kiệt', '47', 'Le', 'Loi'], 'tags': ['B-BLD', 'I-BLD', 'B-NUM', 'I-NUM', 'B-ALY', 'I-ALY', 'B-STR', 'I-STR']}"
Nằm gần Ben xe Mien Tay đường Nguyen Hue,"{'tokens': ['Nằm', 'gần', 'Ben', 'xe', 'Mien', 'Tay', 'đường', 'Nguyen', 'Hue'], 'tags': ['O', 'O', 'B-POI', 'I-POI', 'I-POI', 'I-POI', 'O', 'B-STR', 'I-STR']}"
Nằm gần Ben xe Mien Tay đường Le Loi,"{'tokens': ['Nằm', 'gần', 'Ben', 'xe', 'Mien', 'Tay', 'đường', 'Le', 'Loi'], 'tags': ['O', 'O', 'B-POI', 'I-POI', 'I-POI', 'I-POI', 'O', 'B-STR', 'I-STR']}"
Tổ 11 gần Le Loi,"{'tokens': ['Tổ', '11', 'gần', 'Le', 'Loi'], 'tags': ['B-NBH', 'I-NBH', 'O', 'B-STR', 'I-STR']}"
Cạnh Cho Ben Thanh đường Le Loi,"{'tokens': ['Cạnh', 'Cho', 'Ben', 'Thanh', 'đường', 'Le', 'Loi'], 'tags': ['O', 'B-POI', 'I-POI', 'I-POI', 'O', 'B-STR', 'I-STR']}"
Nằm gần Cho Ben Thanh đường Le Loi,"{'tokens': ['Nằm', 'gần', 'Cho', 'Ben', 'Thanh', 'đường', 'Le', 'Loi'], 'tags': ['O', 'O', 'B-POI', 'I-POI', 'I-POI', 'O', 'B-STR', 'I-STR']}"
Kế bên Ben xe Mien Tay đường Nguyen Hue,"{'tokens': ['Kế', 'bên', 'Ben', 'xe', 'Mien', 'Tay', 'đường', 'Nguyen', 'Hue'], 'tags': ['O', 'O', 'B-POI', 'I-POI', 'I-POI', 'I-POI', 'O', 'B-STR', 'I-STR']}"
Landmark 81 Số 123 Hẻm 36 Mai Chi Tho,"{'tokens': ['Landmark', '81', 'Số', '123', 'Hẻm', '36', 'Mai', 'Chi', 'Tho'], 'tags': ['B-BLD', 'I-BLD', 'B-NUM', 'I-NUM', 'B-ALY', 'I-ALY', 'B-STR', 'I-STR', 'I-STR']}"
30/49 Nguyen Hue,"{'tokens': ['30/49', 'Nguyen', 'Hue'], 'tags': ['B-NUM', 'B-STR', 'I-STR']}"
Ấp 2 gần Le Loi,"{'tokens': ['Ấp', '2', 'gần', 'Le', 'Loi'], 'tags': ['B-NBH', 'I-NBH', 'O', 'B-STR', 'I-STR']}"
Khu phố 3 gần Le Loi,"{'tokens': ['Khu', 'phố', '3', 'gần', 'Le', 'Loi'], 'tags': ['B-NBH', 'I-NBH', 'I-NBH', 'O', 'B-STR', 'I-STR']}"
Gần Cho Ben Thanh đường Le Loi,"{'tokens': ['Gần', 'Cho', 'Ben', 'Thanh', 'đường', 'Le', 'Loi'], 'tags': ['O', 'B-POI', 'I-POI', 'I-POI', 'O', 'B-STR', 'I-STR']}"
Thôn 9 gần Le Loi,"{'tokens': ['Thôn', '9', 'gần', 'Le', 'Loi'], 'tags': ['B-NBH', 'I-NBH', 'O', 'B-STR', 'I-STR']}"
246/43 Mai Chi Tho,"{'tokens': ['246/43', 'Mai', 'Chi', 'Tho'], 'tags': ['B-NUM', 'B-STR', 'I-STR', 'I-STR']}"
Khu phố 14 gần Mai Chi Tho,"{'tokens': ['Khu', 'phố', '14', 'gần', 'Mai', 'Chi', 'Tho'], 'tags': ['B-NBH', 'I-NBH', 'I-NBH', 'O', 'B-STR', 'I-STR', 'I-STR']}"
Landmark 81 Số 63 Kiệt 15 Le Loi,"{'tokens': ['Landmark', '81', 'Số', '63', 'Kiệt', '15', 'Le', 'Loi'], 'tags': ['B-BLD', 'I-BLD', 'B-NUM', 'I-NUM', 'B-ALY', 'I-ALY', 'B-STR', 'I-STR']}"
216/38 Le Loi,"{'tokens': ['216/38', 'Le', 'Loi'], 'tags': ['B-NUM', 'B-STR', 'I-STR']}"
Landmark 81 Số 71 Kiệt 26 Le Loi,"{'tokens': ['Landmark', '81', 'Số', '71', 'Kiệt', '26', 'Le', 'Loi'], 'tags': ['B-BLD', 'I-BLD', 'B-NUM', 'I-NUM', 'B-ALY', 'I-ALY', 'B-STR', 'I-STR']}"
Ấp 16 gần Le Loi,"{'tokens': ['Ấp', '16', 'gần', 'Le', 'Loi'], 'tags': ['B-NBH', 'I-NBH', 'O', 'B-STR', 'I-STR']}"
159/14 Mai Chi Tho,"{'tokens': ['159/14', 'Mai', 'Chi', 'Tho'], 'tags': ['B-NUM', 'B-STR', 'I-STR', 'I-STR']}"
Landmark 81 Số 76 Hẻm 19 Mai Chi Tho,"{'tokens': ['Landmark', '81', 'Số', '76', 'Hẻm', '19', 'Mai', 'Chi', 'Tho'], 'tags': ['B-BLD', 'I-BLD', 'B-NUM', 'I-NUM', 'B-ALY', 'I-ALY', 'B-STR', 'I-STR', 'I-STR']}"
Xóm 5 gần Mai Chi Tho,"{'tokens': ['Xóm', '5', 'gần', 'Mai', 'Chi', 'Tho'], 'tags': ['B-NBH', 'I-NBH', 'O', 'B-STR', 'I-STR', 'I-STR']}"
Kế bên Cho Ben Thanh đường Nguyen Hue,"{'tokens': ['Kế', 'bên', 'Cho', 'Ben', 'Thanh', 'đường', 'Nguyen', 'Hue'], 'tags': ['O', 'O', 'B-POI', 'I-POI', 'I-POI', 'O', 'B-STR', 'I-STR']}"
110/3 Mai Chi Tho,"{'tokens': ['110/3', 'Mai', 'Chi', 'Tho'], 'tags': ['B-NUM', 'B-STR', 'I-STR', 'I-STR']}"
Bitexco Số 2 Kiệt 15 Mai Chi Tho,"{'tokens': ['Bitexco', 'Số', '2', 'Kiệt', '15', 'Mai', 'Chi', 'Tho'], 'tags': ['B-BLD', 'B-NUM', 'I-NUM', 'B-ALY', 'I-ALY', 'B-STR', 'I-STR', 'I-STR']}"
Tổ 10 gần Le Loi,"{'tokens': ['Tổ', '10', 'gần', 'Le', 'Loi'], 'tags': ['B-NBH', 'I-NBH', 'O', 'B-STR', 'I-STR']}"
